track_id,track_name,artists_name,artist_count,main_music_genre,main_country,released_year,released_month,released_day,in_spotify_playlists,in_spotify_charts,streams,in_apple_playlists,in_apple_charts,in_deezer_playlists,in_deezer_charts ,in_shazam_charts,,,faixa_playlists_spotify
4082370,Seven (feat. Latto) (Explicit Ver.),"Latto, Jung Kook",2,Pop,South Korea,2023,7,14,553.00,147.00,"141,381,703.00",43.00,263.00,45.00,10.00,826.00,,,0-5000
6247887,LALA,Myke Towers,1,Reggaeton,Puerto Rico,2023,3,23,"1,474.00",48.00,"133,716,286.00",48.00,126.00,58.00,14.00,382.00,,,0-5000
6974739,vampire,Olivia Rodrigo,1,Pop,United States,2023,6,30,"1,397.00",113.00,"140,003,974.00",94.00,207.00,91.00,14.00,949.00,,,0-5000
2362023,Cruel Summer,Taylor Swift,1,Pop,United States,2019,8,23,"7,858.00",100.00,"800,840,817.00",116.00,207.00,125.00,12.00,548.00,,,5001-15000
4386478,WHERE SHE GOES,Bad Bunny,1,Latin trap,Puerto Rico,2023,5,18,"3,133.00",50.00,"303,236,322.00",84.00,133.00,87.00,15.00,425.00,,,0-5000
5031502,Sprinter,"Dave, Central Cee",2,UK rap,United Kingdom,2023,6,1,"2,186.00",91.00,"183,706,234.00",67.00,213.00,88.00,17.00,946.00,,,0-5000
1892693,Ella Baila Sola,"Eslabon Armado, Peso Pluma",2,Regional Mexican,Mexico,2023,3,16,"3,090.00",50.00,"725,980,112.00",34.00,222.00,43.00,13.00,418.00,,,0-5000
7366228,Columbia,Quevedo,1,Reggaeton,Spain,2023,7,7,714.00,43.00,"58,149,378.00",25.00,89.00,30.00,13.00,194.00,,,0-5000
5563881,fukumean,Gunna,1,Trap,United States,2023,5,15,"1,096.00",83.00,"95,217,315.00",60.00,210.00,48.00,11.00,953.00,,,0-5000
5586506,La Bebe - Remix,"Peso Pluma, Yng Lvcas",2,Reggaeton,Mexico,2023,3,17,"2,953.00",44.00,"553,634,067.00",49.00,110.00,66.00,13.00,339.00,,,0-5000
1197669,un x100to,"Bad Bunny, Grupo Frontera",2,Regional Mexican,Puerto Rico,2023,4,17,"2,876.00",40.00,"505,671,438.00",41.00,205.00,54.00,12.00,251.00,,,0-5000
7016313,Super Shy,NewJeans,1,K-pop,South Korea,2023,7,7,422.00,55.00,"58,255,150.00",37.00,202.00,21.00,5.00,168.00,,,0-5000
7662572,Flowers,Miley Cyrus,1,Pop,United States,2023,1,12,"12,211.00",115.00,"1,316,855,716.00",300.00,215.00,745.00,58.00,"1,021.00",,,5001-15000
5374189,Daylight,David Kushner,1,Indie pop,United States,2023,4,14,"3,528.00",98.00,"387,570,742.00",80.00,156.00,182.00,24.00,"1,281.00",,,0-5000
3197174,As It Was,Harry Styles,1,Pop,United Kingdom,2022,3,31,"23,575.00",130.00,"2,513,188,493.00",403.00,198.00,863.00,46.00,,,,15001+
5025330,Kill Bill,SZA,1,R&B,United States,2022,12,8,"8,109.00",77.00,"1,163,093,654.00",183.00,162.00,161.00,12.00,187.00,,,5001-15000
2013796,Cupid - Twin Ver.,Fifty Fifty,1,K-pop,South Korea,2023,2,24,"2,942.00",77.00,"496,795,686.00",91.00,212.00,78.00,6.00,0.00,,,0-5000
1404326,"What Was I Made For? [From The Motion Picture ""Barbie""]",Billie Eilish,1,Pop,United States,2023,7,13,873.00,104.00,"30,546,883.00",80.00,227.00,95.00,24.00,"1,173.00",,,0-5000
6456333,Classy 101,"Feid, Young Miko",2,Reggaeton,Colombia,2023,3,31,"2,610.00",40.00,"335,222,234.00",43.00,100.00,54.00,14.00,187.00,,,0-5000
8091023,Like Crazy,Jimin,1,K-pop,South Korea,2023,3,24,596.00,68.00,"363,369,738.00",8.00,104.00,23.00,2.00,29.00,,,0-5000
6452995,LADY GAGA,"Gabito Ballesteros, Junior H, Peso Pluma",3,Corridos tumbados,Mexico,2023,6,22,332.00,26.00,"86,444,842.00",11.00,163.00,10.00,4.00,0.00,,,0-5000
1406287,I Wanna Be Yours,Arctic Monkeys,1,Indie rock,United Kingdom,2013,1,1,"12,859.00",110.00,"1,297,026,226.00",24.00,98.00,582.00,2.00,73.00,,,5001-15000
7757967,"Peso Pluma: Bzrp Music Sessions, Vol. 55","Bizarrap, Peso Pluma",2,Latin trap,Argentina,2023,5,31,"1,313.00",40.00,"200,647,221.00",17.00,152.00,32.00,11.00,139.00,,,0-5000
5420196,Popular (with Playboi Carti & Madonna) - The Idol Vol. 1 (Music from the HBO Original Series),"The Weeknd, Madonna, Playboi Carti",3,Pop,Canada,2023,6,2,"1,945.00",87.00,"115,364,561.00",74.00,182.00,87.00,14.00,"1,093.00",,,0-5000
7510507,SABOR FRESA,Fuerza Regida,1,Regional Mexican,United States,2023,6,22,250.00,26.00,"78,300,654.00",16.00,149.00,10.00,5.00,168.00,,,0-5000
4576591,MOJABI GHOST,"Tainy, Bad Bunny",2,Reggaeton,Puerto Rico,2023,6,29,859.00,40.00,"61,245,289.00",35.00,109.00,41.00,14.00,211.00,,,0-5000
3252628,Last Night,Morgan Wallen,1,Country,United States,2023,1,31,"2,420.00",19.00,"429,829,812.00",52.00,107.00,15.00,1.00,325.00,,,0-5000
5310138,Dance The Night (From Barbie The Album),Dua Lipa,1,Disco Pop,United Kingdom,2023,5,25,"2,988.00",101.00,"127,408,954.00",0.00,0.00,143.00,38.00,0.00,,,0-5000
2808274,Rush,Troye Sivan,1,Dance-pop,Australia,2023,7,13,864.00,78.00,"22,581,161.00",71.00,135.00,50.00,1.00,294.00,,,0-5000
2869874,TULUM,"Peso Pluma, Grupo Frontera",2,Regional Mexican,Mexico,2023,6,28,266.00,34.00,"52,294,266.00",20.00,185.00,13.00,8.00,197.00,,,0-5000
2927588,Creepin',"The Weeknd, 21 Savage, Metro Boomin",3,Hip-hop,United States,2022,12,2,"6,036.00",88.00,"843,957,510.00",113.00,149.00,245.00,23.00,27.00,,,5001-15000
8346039,Anti-Hero,Taylor Swift,1,Pop,United States,2022,10,21,"9,082.00",56.00,"999,748,277.00",242.00,142.00,165.00,9.00,310.00,,,5001-15000
3464535,TQG,"Karol G, Shakira",2,Reggaeton,Colombia,2023,2,23,"4,284.00",49.00,"618,990,393.00",115.00,123.00,184.00,18.00,354.00,,,0-5000
4801316,Los del Espacio,"Big One, Duki, Lit Killah, Maria Becerra, FMK, Rusherking, Emilia, Tiago pzk",8,Argentine trap,Argentina,2023,6,1,"1,150.00",31.00,"123,122,413.00",22.00,33.00,34.00,7.00,184.00,,,0-5000
3921634,Blank Space,Taylor Swift,1,Pop,United States,2014,1,1,"11,434.00",53.00,"1,355,959,075.00",154.00,123.00,410.00,2.00,81.00,,,5001-15000
4796316,Style,Taylor Swift,1,Pop,United States,2014,1,1,"7,830.00",42.00,"786,181,836.00",94.00,111.00,151.00,4.00,82.00,,,5001-15000
7070604,TQM,Fuerza Regida,1,Regional Mexican,United States,2023,5,19,584.00,28.00,"176,553,476.00",16.00,159.00,15.00,6.00,100.00,,,0-5000
3595953,El Azul,"Junior H, Peso Pluma",2,Corridos tumbados,Mexico,2023,2,10,692.00,25.00,"354,495,408.00",10.00,107.00,6.00,3.00,62.00,,,0-5000
3827571,Sunflower - Spider-Man: Into the Spider-Verse,"Post Malone, Swae Lee",2,Hip-hop,United States,2018,10,9,"24,094.00",78.00,"2,808,096,550.00",372.00,117.00,843.00,4.00,69.00,,,15001+
5165382,I'm Good (Blue),"Bebe Rexha, David Guetta",2,Dance,United States,2022,8,26,"12,482.00",80.00,"1,109,433,169.00",291.00,184.00,537.00,45.00,727.00,,,5001-15000
4446199,See You Again,"Tyler, The Creator, Kali Uchis",3,Hip-hop,United States,2017,7,21,"13,387.00",64.00,"1,047,101,291.00",77.00,58.00,247.00,1.00,311.00,,,5001-15000
5168392,Barbie World (with Aqua) [From Barbie The Album],"Nicki Minaj, Aqua, Ice Spice",3,Rap,United States,2023,6,23,"1,117.00",80.00,"65,156,199.00",82.00,145.00,65.00,16.00,"1,133.00",,,0-5000
5106082,Angels Like You,Miley Cyrus,1,Pop rock,United States,2020,11,27,"3,372.00",19.00,"570,515,054.00",65.00,48.00,138.00,1.00,102.00,,,0-5000
4467778,I Ain't Worried,OneRepublic,1,Pop rock,United States,2022,5,13,"8,431.00",76.00,"1,085,685,420.00",241.00,127.00,458.00,37.00,332.00,,,5001-15000
7476887,Die For You,The Weeknd,1,R&B,Canada,2016,11,24,"2,483.00",59.00,"1,647,990,401.00",68.00,21.00,24.00,0.00,259.00,,,0-5000
4367298,Starboy,"The Weeknd, Daft Punk",2,R&B,Canada,2016,9,21,"29,536.00",79.00,"2,565,529,693.00",281.00,137.00,"2,445.00",1.00,140.00,,,15001+
6230777,Die For You - Remix,"Ariana Grande, The Weeknd",2,R&B,United States,2023,2,24,"3,408.00",47.00,"518,745,108.00",87.00,86.00,74.00,1.00,16.00,,,0-5000
8760891,El Cielo,"Feid, Myke Towers, Sky Rompiendo",3,Reggaeton,Colombia,2023,6,2,"1,298.00",38.00,"107,753,850.00",44.00,64.00,57.00,10.00,110.00,,,0-5000
7107144,Baby Don't Hurt Me,"David Guetta, Anne-Marie, Coi Leray",3,Dance,France,2023,4,6,"4,277.00",66.00,"177,740,666.00",145.00,111.00,213.00,11.00,810.00,,,0-5000
4945945,AMARGURA,Karol G,1,Reggaeton,Colombia,2023,2,24,"1,133.00",39.00,"153,372,011.00",14.00,71.00,23.00,10.00,176.00,,,0-5000
3461847,(It Goes Like) Nanana - Edit,Peggy Gou,1,House,South Korea,2023,6,15,"2,259.00",59.00,"57,876,440.00",0.00,0.00,109.00,17.00,0.00,,,0-5000
2391919,Another Love,Tom Odell,1,Indie pop,United Kingdom,2012,10,15,"18,371.00",83.00,"1,813,673,666.00",250.00,122.00,"3,394.00",19.00,,,,15001+
2553984,Blinding Lights,The Weeknd,1,Synth-pop,Canada,2019,11,29,"43,899.00",69.00,"3,703,895,074.00",672.00,199.00,"3,421.00",20.00,,,,15001+
2770990,Moonlight,Kali Uchis,1,R&B,United States,2023,2,24,"2,649.00",42.00,"256,483,385.00",67.00,79.00,57.00,1.00,615.00,,,0-5000
3894522,La Bachata,Manuel Turizo,1,Bachata,Colombia,2022,5,26,"6,804.00",45.00,"1,214,083,358.00",139.00,111.00,161.00,15.00,210.00,,,5001-15000
7624098,S91,Karol G,1,Reggaeton,Colombia,2023,7,14,525.00,41.00,"16,011,326.00",34.00,115.00,39.00,6.00,216.00,,,0-5000
2685773,cardigan,Taylor Swift,1,Indie pop,United States,2020,7,24,"7,923.00",29.00,"812,019,557.00",106.00,112.00,142.00,4.00,215.00,,,5001-15000
1726395,Boy's a liar Pt. 2,"PinkPantheress, Ice Spice",2,Jersey club,United Kingdom,2023,2,3,"5,184.00",41.00,"156,338,624.00",154.00,84.00,102.00,14.00,37.00,,,5001-15000
2577311,Left and Right (Feat. Jung Kook of BTS),"Charlie Puth, BTS, Jung Kook",3,Pop,United States,2022,6,24,"3,107.00",39.00,"720,434,240.00",38.00,0.00,4.00,0.00,0.00,,,0-5000
1899106,Hey Mor,"Ozuna, Feid",2,Reggaeton,Puerto Rico,2022,10,6,"4,637.00",38.00,"674,072,710.00",63.00,79.00,89.00,11.00,16.00,,,0-5000
4527090,Yellow,Chris Molitor,1,Pop,United States,1999,1,1,"31,358.00",43.00,"1,755,214,421.00",196.00,2.00,"4,053.00",5.00,0.00,,,15001+
7370086,Karma,Taylor Swift,1,Pop,United States,2022,10,21,"3,818.00",23.00,"404,562,836.00",37.00,55.00,32.00,0.00,272.00,,,0-5000
4890110,People,Libianca,1,Afrobeats,Cameroon,2022,12,2,"3,506.00",56.00,"373,199,958.00",105.00,64.00,169.00,8.00,529.00,,,0-5000
4487095,Overdrive,Post Malone,1,Pop,United States,2023,7,14,410.00,36.00,"14,780,425.00",36.00,32.00,31.00,1.00,26.00,,,0-5000
6801500,Enchanted (Taylor's Version),Taylor Swift,1,Pop,United States,2023,7,7,148.00,24.00,"39,578,178.00",32.00,93.00,8.00,2.00,5.00,,,0-5000
3670203,BABY HELLO,"Rauw Alejandro, Bizarrap",2,Latin trap,Puerto Rico,2023,6,23,"1,004.00",35.00,"54,266,102.00",42.00,80.00,58.00,3.00,169.00,,,0-5000
8788368,Heat Waves,Glass Animals,1,Indie pop,United Kingdom,2020,6,28,"22,543.00",63.00,"2,557,975,762.00",386.00,144.00,707.00,28.00,,,,15001+
3183051,golden hour,JVKE,1,Pop,United States,2022,7,15,"4,511.00",36.00,"751,134,527.00",70.00,58.00,109.00,18.00,230.00,,,0-5000
8895699,Sweater Weather,The Neighbourhood,1,Indie rock,United States,2012,5,14,"16,413.00",61.00,"2,282,771,485.00",166.00,87.00,"1,056.00",1.00,,,,15001+
4431554,"Quevedo: Bzrp Music Sessions, Vol. 52","Bizarrap, Quevedo",2,Latin trap,Argentina,2022,7,6,"8,506.00",45.00,"1,356,565,093.00",94.00,65.00,164.00,14.00,176.00,,,5001-15000
3126367,Viva La Vida,Coldplay,1,Alternative rock,United Kingdom,2008,1,1,"33,898.00",62.00,"1,592,909,789.00",233.00,0.00,"4,095.00",9.00,0.00,,,15001+
5898111,Here With Me,d4vd,1,Indie pop,United States,2022,7,17,"3,246.00",23.00,"635,412,045.00",94.00,85.00,68.00,1.00,84.00,,,0-5000
2302386,Unholy (feat. Kim Petras),"Sam Smith, Kim Petras",2,Pop,United Kingdom,2022,9,22,"8,576.00",42.00,"1,230,675,890.00",216.00,108.00,331.00,26.00,154.00,,,5001-15000
2415106,Yandel 150,"Yandel, Feid",2,Reggaeton,Puerto Rico,2022,12,20,"3,618.00",38.00,"585,695,368.00",47.00,74.00,80.00,14.00,194.00,,,0-5000
8502696,Riptide,Vance Joy,1,Indie folk,Australia,1975,1,1,"31,123.00",55.00,"2,009,094,673.00",300.00,65.00,"1,003.00",1.00,0.00,,,15001+
7680579,Until I Found You (with Em Beihold) - Em Beihold Version,"Em Beihold, Stephen Sanchez",2,Pop,United States,2022,4,22,"2,790.00",30.00,"600,976,848.00",60.00,96.00,71.00,0.00,115.00,,,0-5000
6063105,Back To December (Taylor's Version),Taylor Swift,1,Country pop,United States,2023,7,7,139.00,17.00,"39,228,929.00",16.00,72.00,5.00,0.00,8.00,,,0-5000
2023156,STAY (with Justin Bieber),"Justin Bieber, The Kid Laroi",2,Pop,Australia,2021,7,9,"17,050.00",36.00,"2,665,343,922.00",492.00,99.00,798.00,31.00,0.00,,,15001+
7412049,El Merengue,"Marshmello, Manuel Turizo",2,Merengue,United States,2023,3,3,"2,114.00",44.00,"223,633,238.00",80.00,75.00,110.00,11.00,323.00,,,0-5000
8408827,Someone You Loved,Lewis Capaldi,1,Pop,United Kingdom,2018,11,8,"17,836.00",53.00,"2,887,241,814.00",440.00,125.00,"1,800.00",0.00,,,,15001+
3331159,Me Porto Bonito,"Chencho Corleone, Bad Bunny",2,Reggaeton,Puerto Rico,2022,5,6,"8,870.00",43.00,"1,440,757,818.00",104.00,120.00,141.00,26.00,49.00,,,5001-15000
7159285,Makeba,Jain,1,Pop,France,2015,6,22,"6,060.00",53.00,"165,484,133.00",150.00,148.00,"2,703.00",22.00,"1,451.00",,,5001-15000
8274842,MONTAGEM - FR PUNK,"Ayparia, unxbected",2,Brazilian funk,Brazil,2012,6,20,641.00,50.00,"58,054,811.00",1.00,52.00,8.00,0.00,"1,170.00",,,0-5000
8499304,Fast Car,Luke Combs,1,Country,United States,2023,3,24,"1,446.00",12.00,"157,058,870.00",57.00,97.00,35.00,0.00,429.00,,,0-5000
4148996,What It Is (Solo Version),Doechii,1,Hip-hop,United States,2023,3,17,804.00,25.00,"95,131,998.00",29.00,76.00,24.00,0.00,162.00,,,0-5000
5560446,Coco Chanel,"Bad Bunny, Eladio Carrion",2,Latin trap,Puerto Rico,2023,3,17,"1,962.00",38.00,"250,305,248.00",28.00,89.00,29.00,5.00,82.00,,,0-5000
7179210,Still With You,Jung Kook,1,K-pop,South Korea,2020,6,5,31.00,39.00,"38,411,956.00",2.00,107.00,8.00,0.00,0.00,,,0-5000
7083603,All My Life (feat. J. Cole),"J. Cole, Lil Durk",2,Heavy metal,United States,2023,5,12,"2,175.00",23.00,"144,565,150.00",69.00,145.00,69.00,2.00,478.00,,,0-5000
5243367,Say Yes To Heaven,Lana Del Rey,1,Dream pop,United States,2023,3,17,"2,000.00",46.00,"127,567,540.00",49.00,105.00,63.00,1.00,0.00,,,0-5000
4311407,Snooze,SZA,1,R&B,United States,2022,12,9,"2,839.00",25.00,"399,686,758.00",58.00,156.00,42.00,1.00,236.00,,,0-5000
1216337,Summertime Sadness,Lana Del Rey,1,Indie pop,United States,2011,1,1,"20,333.00",52.00,"983,637,508.00",89.00,143.00,"1,632.00",3.00,200.00,,,15001+
8365464,Take Two,BTS,1,K-pop,South Korea,2023,6,9,674.00,47.00,"118,482,347.00",20.00,106.00,25.00,4.00,78.00,,,0-5000
1729982,Lover,Taylor Swift,1,Pop,United States,2012,1,1,"8,448.00",23.00,"882,831,184.00",160.00,110.00,163.00,0.00,5.00,,,5001-15000
2540650,Too Many Nights (feat. Don Toliver & with Future),"Future, Metro Boomin, Don Toliver",3,Trap,United States,2022,12,2,"2,110.00",58.00,"286,400,165.00",17.00,119.00,19.00,2.00,266.00,,,0-5000
2619841,Chemical,Post Malone,1,Pop rock,United States,2023,4,14,"2,528.00",39.00,"172,825,906.00",56.00,91.00,59.00,3.00,486.00,,,0-5000
2394886,Mockingbird,Eminem,1,Heavy metal,United States,2004,1,1,"12,985.00",61.00,"1,241,559,043.00",49.00,98.00,"2,394.00",5.00,204.00,,,5001-15000
4928987,New Jeans,NewJeans,1,K-pop,South Korea,2023,7,7,77.00,35.00,"29,562,220.00",8.00,166.00,4.00,4.00,34.00,,,0-5000
2698226,Primera Cita,Carin Leon,1,Regional Mexican,Mexico,2022,4,20,266.00,27.00,"77,309,611.00",6.00,40.00,6.00,6.00,202.00,,,0-5000
8797570,Cold Heart - PNAU Remix,"Dua Lipa, Elton John, Pnau",3,Dance-pop,United Kingdom,2017,11,10,"21,097.00",52.00,"1,605,224,506.00",384.00,135.00,"1,034.00",37.00,312.00,,,15001+
4495422,Dandelions,Ruth B.,1,Pop,Canada,2017,4,28,"3,423.00",21.00,"1,116,995,633.00",41.00,100.00,59.00,1.00,32.00,,,0-5000
2480109,Bones,Imagine Dragons,1,Pop rock,United States,2021,3,11,"4,198.00",44.00,"838,079,900.00",98.00,108.00,327.00,17.00,153.00,,,0-5000
4350729,Set Fire to the Rain,Adele,1,Pop,United Kingdom,2011,1,1,"14,739.00",43.00,"1,163,620,694.00",88.00,112.00,"2,163.00",5.00,519.00,,,5001-15000
7811952,Money Trees,"Kendrick Lamar, Jay Rock",2,Heavy metal,United States,2012,1,1,"26,792.00",32.00,"1,093,605,526.00",69.00,113.00,695.00,0.00,458.00,,,15001+
3381390,Tak Segampang Itu,Anggi Marito,1,Pop,Indonesia,2022,12,2,213.00,6.00,"179,659,294.00",7.00,6.00,0.00,0.00,48.00,,,0-5000
8943060,Mine (Taylor's Version),Taylor Swift,1,Country pop,United States,2023,7,7,99.00,15.00,"36,912,123.00",21.00,52.00,6.00,1.00,0.00,,,0-5000
8965193,Everybody Wants To Rule The World,Tears For Fears,1,New wave,United Kingdom,1985,2,17,"41,751.00",25.00,"1,205,951,614.00",101.00,32.00,"2,655.00",0.00,666.00,,,15001+
8189388,No Role Modelz,J. Cole,1,Heavy metal,United States,2014,12,9,"21,164.00",36.00,"1,791,000,570.00",80.00,65.00,476.00,0.00,14.00,,,15001+
5667205,Tattoo,Loreen,1,Pop,Sweden,2023,2,25,"2,988.00",59.00,"201,660,859.00",74.00,102.00,145.00,18.00,925.00,,,0-5000
1696728,Rara Vez,"Taiu, Milo j",2,Latin trap,Argentina,2023,2,8,893.00,38.00,"248,088,961.00",19.00,23.00,24.00,3.00,88.00,,,0-5000
6556428,august,Taylor Swift,1,Indie pop,United States,2020,7,24,"7,324.00",22.00,"607,123,776.00",25.00,81.00,61.00,1.00,44.00,,,5001-15000
1717593,LUNA,"Junior H, Peso Pluma",2,Corridos tumbados,Mexico,2023,6,22,201.00,11.00,"55,842,345.00",19.00,117.00,8.00,1.00,74.00,,,0-5000
1549051,Miracle (with Ellie Goulding),"Calvin Harris, Ellie Goulding",2,EDM,United Kingdom,2023,3,10,"5,120.00",48.00,"211,050,784.00",161.00,115.00,246.00,9.00,638.00,,,5001-15000
4890651,Nonsense,Sabrina Carpenter,1,Pop,United States,2022,7,15,"2,346.00",27.00,"342,897,938.00",69.00,12.00,38.00,8.00,64.00,,,0-5000
8110201,Que Vuelvas,"Carin Leon, Grupo Frontera",2,Regional Mexican,Mexico,2022,12,9,763.00,26.00,"2,762.00",21.00,110.00,21.00,9.00,71.00,,,0-5000
3739768,Por las Noches,Peso Pluma,1,Corridos tumbados,Mexico,2021,6,11,457.00,24.00,"330,346,424.00",8.00,116.00,4.00,3.00,2.00,,,0-5000
3605651,Can't Hold Us (feat. Ray Dalton),"Ray Dalton, Ryan Lewis, Macklemore",3,Heavy metal,United States,2011,8,16,"6,074.00",52.00,"1,953,533,826.00",201.00,44.00,"6,551.00",2.00,0.00,,,5001-15000
3869741,Watermelon Sugar,Harry Styles,1,Pop,United Kingdom,2019,11,17,"21,915.00",34.00,"2,322,580,122.00",437.00,115.00,"1,212.00",12.00,,,,15001+
4826716,lovely - Bonus Track,"Billie Eilish, Khalid",2,Pop,United States,2017,8,11,"15,032.00",30.00,"2,355,719,893.00",221.00,96.00,"1,078.00",2.00,136.00,,,15001+
8262356,"Rauw Alejandro: Bzrp Music Sessions, Vol. 56","Rauw Alejandro, Bizarrap",2,Latin trap,Argentina,2023,6,21,871.00,32.00,"66,902,503.00",25.00,59.00,32.00,5.00,88.00,,,0-5000
1121286,Queencard,(G)I-DLE,1,K-pop,South Korea,2023,5,15,451.00,33.00,"96,273,746.00",10.00,126.00,7.00,0.00,148.00,,,0-5000
2437608,OMG,NewJeans,1,K-pop,South Korea,2023,1,2,"1,783.00",27.00,"430,977,451.00",26.00,124.00,15.00,1.00,22.00,,,0-5000
4458161,Radio,Lana Del Rey,1,Indie pop,United States,2011,1,1,"9,389.00",46.00,"284,819,874.00",24.00,122.00,282.00,3.00,368.00,,,5001-15000
4669801,"Shakira: Bzrp Music Sessions, Vol. 53","Shakira, Bizarrap",2,Latin pop,Argentina,2023,1,11,"5,724.00",44.00,"721,975,598.00",119.00,108.00,254.00,29.00,22.00,,,5001-15000
4497491,"Calling (Spider-Man: Across the Spider-Verse) (Metro Boomin & Swae Lee, NAV, feat. A Boogie Wit da Hoodie)","Swae Lee, A Boogie Wit da Hoodie, Metro Boomin, NAV",4,Hip-hop,United States,2023,6,2,"1,051.00",16.00,"109,276,132.00",31.00,37.00,31.00,0.00,189.00,,,0-5000
2121928,Trance (with Travis Scott & Young Thug),"Travis Scott, Young Thug, Metro Boomin",3,Trap,United States,2022,12,2,"1,682.00",46.00,"276,259,178.00",24.00,90.00,30.00,1.00,176.00,,,0-5000
6953068,"Tere Vaaste (From ""Zara Hatke Zara Bachke"")","Sachin-Jigar, Shadab Faridi, Altamash Faridi, Amitabh Bhattacharya, Varun Jain",5,Bollywood,India,2023,5,22,182.00,8.00,"54,225,632.00",3.00,88.00,1.00,0.00,52.00,,,0-5000
3253565,Perfect,Ed Sheeran,1,Pop,United Kingdom,2017,1,1,"16,596.00",13.00,"2,559,529,074.00",7.00,0.00,"2,094.00",0.00,0.00,,,15001+
8013969,Romantic Homicide,d4vd,1,Indie pop,United States,2022,7,20,"2,335.00",23.00,"681,583,126.00",82.00,55.00,50.00,0.00,9.00,,,0-5000
4181228,Believer,Imagine Dragons,1,Pop rock,United States,2017,1,31,"18,986.00",23.00,"2,594,040,133.00",250.00,121.00,"2,969.00",10.00,31.00,,,15001+
1589586,"Gol Bolinha, Gol Quadrado 2","Mc Pedrinho, DJ 900",2,Brazilian funk,Brazil,2023,6,1,293.00,8.00,"11,956,641.00",5.00,2.00,30.00,2.00,66.00,,,0-5000
1663974,Without Me,Eminem,1,Heavy metal,United States,2002,1,1,"21,081.00",43.00,"1,687,664,027.00",98.00,76.00,"3,889.00",5.00,0.00,,,15001+
4214662,QUEMA,"Sog, Ryan Castro, Peso Pluma",3,Reggaeton,Colombia,2023,7,13,437.00,31.00,"11,599,388.00",17.00,29.00,26.00,3.00,208.00,,,0-5000
7910702,Stargirl Interlude,"The Weeknd, Lana Del Rey",2,R&B,Canada,2016,11,24,"1,275.00",32.00,"611,700,552.00",13.00,8.00,5.00,0.00,1.00,,,0-5000
3412305,Somewhere Only We Know,Keane,1,Alternative rock,United Kingdom,2004,1,1,"20,015.00",16.00,"1,089,402,494.00",107.00,69.00,"5,239.00",0.00,558.00,,,15001+
8251078,Those Eyes,New West,1,Indie pop,Canada,2019,5,10,"1,507.00",14.00,"411,747,614.00",24.00,71.00,44.00,1.00,195.00,,,0-5000
1078549,El Gordo Trae El Mando,Chino Pacas,1,Corridos tumbados,Mexico,2023,1,27,539.00,21.00,"255,932,395.00",7.00,71.00,4.00,2.00,13.00,,,0-5000
8209238,Mi Bello Angel,Natanael Cano,1,Corridos tumbados,Mexico,2023,6,30,86.00,8.00,"31,873,544.00",7.00,76.00,3.00,1.00,93.00,,,0-5000
6776344,Bye,Peso Pluma,1,Corridos tumbados,Mexico,2023,5,26,324.00,14.00,"95,053,634.00",13.00,110.00,8.00,2.00,60.00,,,0-5000
3766692,Danza Kuduro,"Don Omar, Lucenzo",2,Reggaeton,Puerto Rico,2010,1,1,"17,138.00",37.00,"1,279,434,863.00",119.00,81.00,974.00,1.00,503.00,,,15001+
4335470,Nosso Quadro,"Ana Castela, AgroPlay",2,Sertanejo,Brazil,2023,2,2,894.00,9.00,"233,801,632.00",14.00,88.00,66.00,3.00,72.00,,,0-5000
3369956,Locked Out Of Heaven,Bruno Mars,1,Pop,United States,2012,12,5,"1,622.00",9.00,"1,481,349,984.00",0.00,0.00,356.00,0.00,0.00,,,0-5000
1207987,Un Finde | CROSSOVER #2,"Big One, FMK, Ke personajes",3,Latin trap,Argentina,2023,4,4,561.00,14.00,"142,095,275.00",4.00,14.00,12.00,5.00,56.00,,,0-5000
3007244,Jimmy Cooks (feat. 21 Savage),"Drake, 21 Savage",2,Hip-hop,Canada,2022,6,17,"5,871.00",27.00,"618,885,532.00",81.00,121.00,58.00,1.00,34.00,,,5001-15000
7325433,Counting Stars,OneRepublic,1,Pop rock,United States,2013,1,1,"29,215.00",43.00,"2,011,464,183.00",179.00,97.00,"3,394.00",11.00,153.00,,,15001+
6698200,Ghost,Justin Bieber,1,Pop,Canada,2021,3,19,"5,866.00",24.00,"1,167,330,737.00",107.00,38.00,95.00,0.00,,,,5001-15000
3153550,Under The Influence,Chris Brown,1,R&B,United States,2019,10,4,"3,859.00",26.00,"929,964,809.00",133.00,181.00,3.00,0.00,,,,0-5000
7143216,PRC,"Natanael Cano, Peso Pluma",2,Corridos tumbados,Mexico,2023,1,23,961.00,26.00,"436,027,885.00",19.00,143.00,10.00,6.00,15.00,,,0-5000
7806612,Gasolina,Daddy Yankee,1,Reggaeton,Puerto Rico,2004,7,13,"6,457.00",18.00,"657,723,613.00",98.00,95.00,453.00,0.00,454.00,,,5001-15000
1928790,One Dance,"Drake, WizKid, Kyla",3,Afrobeats,Canada,2016,4,4,"43,257.00",24.00,"2,713,922,350.00",433.00,107.00,"3,631.00",0.00,26.00,,,15001+
6735267,Enchanted,Taylor Swift,1,Pop,United States,2010,1,1,"4,564.00",16.00,"621,660,989.00",24.00,101.00,113.00,0.00,40.00,,,0-5000
1961503,Save Your Tears,The Weeknd,1,Synth-pop,Canada,2020,3,20,"12,688.00",13.00,"1,591,223,784.00",197.00,115.00,112.00,0.00,200.00,,,5001-15000
3451143,Sure Thing,Miguel,1,R&B,United States,2010,5,25,"13,801.00",19.00,"950,906,471.00",137.00,125.00,435.00,6.00,285.00,,,5001-15000
6552512,Every Breath You Take - Remastered 2003,The Police,1,Rock,United Kingdom,1983,1,6,"22,439.00",19.00,"1,593,270,737.00",211.00,74.00,929.00,0.00,129.00,,,15001+
1630789,The Night We Met,Lord Huron,1,Indie folk,United States,2015,2,2,"18,515.00",35.00,"1,410,088,830.00",70.00,82.00,939.00,1.00,162.00,,,15001+
4242212,We Found Love,"Rihanna, Calvin Harris",2,EDM,Barbados,2011,1,1,"36,843.00",21.00,"1,235,005,533.00",321.00,91.00,"4,607.00",1.00,58.00,,,15001+
3509026,When I Was Your Man,Bruno Mars,1,Pop,United States,2012,12,5,"2,420.00",11.00,"1,661,187,319.00",0.00,0.00,806.00,0.00,0.00,,,0-5000
1611239,Let Me Down Slowly,Alec Benjamin,1,Pop,United States,2018,5,25,"5,897.00",19.00,"1,374,581,173.00",0.00,0.00,885.00,0.00,0.00,,,5001-15000
6609930,"Am I Dreaming (Metro Boomin & A$AP Rocky, Roisee)","A$AP Rocky, Metro Boomin, Roisee",3,Heavy metal,United States,2023,6,2,727.00,16.00,"94,186,466.00",17.00,60.00,28.00,1.00,44.00,,,0-5000
2664577,Do I Wanna Know?,Arctic Monkeys,1,Indie rock,United Kingdom,2013,1,1,"33,783.00",26.00,"1,788,326,445.00",133.00,92.00,"2,733.00",1.00,26.00,,,15001+
8580552,Demons,Imagine Dragons,1,Pop rock,United States,2012,1,1,"26,694.00",13.00,"1,840,364,617.00",65.00,82.00,"3,425.00",4.00,13.00,,,15001+
6320673,Reminder,The Weeknd,1,R&B,Canada,2016,11,25,"6,518.00",17.00,"684,675,814.00",45.00,85.00,238.00,1.00,47.00,,,5001-15000
2031309,Shake It Off,Taylor Swift,1,Pop,United States,2014,1,1,"21,335.00",13.00,"1,113,838,873.00",328.00,70.00,"1,378.00",9.00,20.00,,,15001+
5999455,Why'd You Only Call Me When You're High?,Arctic Monkeys,1,Indie rock,United Kingdom,2013,1,1,"23,389.00",29.00,"1,267,333,350.00",54.00,70.00,"1,089.00",2.00,1.00,,,15001+
5675634,SNAP,Rosa Linn,1,Pop,Armenia,2022,3,19,"3,202.00",18.00,"726,307,468.00",148.00,80.00,226.00,24.00,0.00,,,0-5000
4299313,Shape of You,Ed Sheeran,1,Pop,United Kingdom,2017,1,6,"32,181.00",10.00,"3,562,543,890.00",33.00,0.00,"6,808.00",7.00,0.00,,,15001+
4795987,Night Changes,One Direction,1,Pop,United Kingdom,2014,11,17,"7,124.00",18.00,"1,131,090,940.00",60.00,20.00,2.00,0.00,,,,5001-15000
5836808,Fin de Semana,"Oscar Maydon, Junior H",2,Corridos tumbados,Mexico,2023,1,13,592.00,14.00,"307,370,144.00",11.00,84.00,6.00,1.00,30.00,,,0-5000
6316146,Creep,Radiohead,1,Alternative rock,United Kingdom,1992,9,21,"36,724.00",7.00,"1,271,293,243.00",146.00,72.00,"6,807.00",5.00,80.00,,,15001+
4812397,Car's Outside,James Arthur,1,Pop,United Kingdom,2019,10,18,794.00,10.00,"265,882,712.00",38.00,25.00,61.00,0.00,263.00,,,0-5000
1323431,Apocalypse,Cigarettes After Sex,1,Dream pop,United States,2017,3,21,"13,091.00",17.00,"841,749,534.00",61.00,96.00,790.00,2.00,116.00,,,5001-15000
6293464,Cheques,Shubh,1,Punjabi hip-hop,Canada,2023,5,19,67.00,8.00,"47,956,378.00",7.00,10.00,0.00,0.00,57.00,,,0-5000
8897005,Pink + White,Frank Ocean,1,R&B,United States,2016,8,20,"21,574.00",30.00,"806,397,070.00",112.00,68.00,266.00,1.00,39.00,,,15001+
2020928,Circles,Post Malone,1,Pop,United States,2019,8,30,"19,664.00",16.00,"2,132,335,812.00",391.00,73.00,633.00,3.00,37.00,,,15001+
2008299,Just The Way You Are,Bruno Mars,1,Pop,United States,2010,1,1,"21,106.00",13.00,"1,641,426,668.00",82.00,0.00,"2,946.00",0.00,0.00,,,15001+
7256696,Take Me To Church,Hozier,1,Indie rock,Ireland,2013,9,13,"23,804.00",31.00,"2,135,158,446.00",187.00,99.00,"4,623.00",1.00,0.00,,,15001+
4031115,Bebe Dame,"Fuerza Regida, Grupo Frontera",2,Regional Mexican,United States,2022,12,16,849.00,22.00,"367,316,268.00",27.00,129.00,21.00,7.00,111.00,,,0-5000
3054476,Better Than Revenge (Taylor's Version),Taylor Swift,1,Pop rock,United States,2023,7,7,86.00,11.00,"30,343,206.00",3.00,33.00,3.00,0.00,1.00,,,0-5000
4341380,Shut up My Moms Calling,Hotel Ugly,1,Indie pop,United States,2020,2,10,"1,788.00",14.00,"405,136,812.00",1.00,50.00,19.00,0.00,19.00,,,0-5000
6250958,Have You Ever Seen The Rain?,Creedence Clearwater Revival,1,Rock,United States,1968,7,1,"15,890.00",14.00,"1,145,727,611.00",71.00,37.00,653.00,0.00,167.00,,,15001+
6057014,Es un Secreto,Plan B,1,Reggaeton,Puerto Rico,2010,7,20,492.00,36.00,"540,654,286.00",4.00,3.00,19.00,0.00,0.00,,,0-5000
7948655,POLARIS - Remix,"Feid, Mora, Saiko, Quevedo",4,Reggaeton,Colombia,2023,6,8,773.00,33.00,"57,312,735.00",20.00,46.00,21.00,8.00,99.00,,,0-5000
5279142,Ditto,NewJeans,1,K-pop,South Korea,2022,12,19,"1,154.00",22.00,"397,582,059.00",28.00,125.00,11.00,1.00,51.00,,,0-5000
7451979,Take On Me,a-ha,1,Synth-pop,Norway,1984,10,19,"44,927.00",17.00,"1,479,115,056.00",34.00,0.00,"5,108.00",6.00,0.00,,,15001+
6470158,"Annihilate (Spider-Man: Across the Spider-Verse) (Metro Boomin & Swae Lee, Lil Wayne, Offset)","Swae Lee, Lil Wayne, Offset, Metro Boomin",4,Heavy metal,United States,2023,6,2,551.00,4.00,"86,773,632.00",13.00,46.00,20.00,1.00,10.00,,,0-5000
8666108,"Angel Pt 1 (feat. Jimin of BTS, JVKE & Muni Long)","Kodak Black, NLE Choppa, Muni Long, JVKE, Jimin",5,Hip-hop,United States,2023,5,1,577.00,14.00,"133,753,727.00",22.00,18.00,15.00,1.00,0.00,,,0-5000
8123858,AMG,"Natanael Cano, Gabito Ballesteros, Peso Pluma",3,Corridos tumbados,Mexico,2022,11,24,995.00,19.00,"463,564,958.00",12.00,117.00,9.00,5.00,3.00,,,0-5000
3747351,"Phir Aur Kya Chahiye (From ""Zara Hatke Zara Bachke"")","Arijit Singh, Sachin-Jigar, Amitabha Bhattacharya",3,Bollywood,India,2023,5,15,178.00,6.00,"64,533,040.00",6.00,71.00,1.00,0.00,31.00,,,0-5000
1274739,S-Class,Stray Kids,1,K-pop,South Korea,2023,6,2,290.00,19.00,"65,496,046.00",9.00,101.00,5.00,0.00,73.00,,,0-5000
2101565,Hits Different,Taylor Swift,1,Pop,United States,2023,5,26,547.00,0.00,"68,616,963.00",15.00,15.00,6.00,0.00,0.00,,,0-5000
1710471,Chanel,"Becky G, Peso Pluma",2,Reggaeton,United States,2023,3,30,681.00,10.00,"161,460,990.00",15.00,92.00,21.00,2.00,26.00,,,0-5000
8125634,Self Love (Spider-Man: Across the Spider-Verse) (Metro Boomin & Coi Leray),"Metro Boomin, Coi Leray",2,Heavy metal,United States,2023,6,2,332.00,5.00,"70,106,975.00",18.00,41.00,5.00,0.00,19.00,,,0-5000
2969049,Area Codes,"Kaliii, Kaliii",2,Heavy metal,United States,2023,3,17,"1,197.00",13.00,"113,509,496.00",44.00,34.00,25.00,1.00,171.00,,,0-5000
4004325,Obsessed,"Abhijay Sharma, Riar Saab",2,Punjabi pop,India,2022,9,29,161.00,6.00,"71,007,139.00",10.00,79.00,2.00,0.00,42.00,,,0-5000
4837745,FLOWER,JISOO,1,K-pop,South Korea,2023,3,31,839.00,18.00,"232,896,922.00",20.00,110.00,20.00,0.00,69.00,,,0-5000
4866757,"All The Way Live (Spider-Man: Across the Spider-Verse) (Metro Boomin & Future, Lil Uzi Vert)","Future, Lil Uzi Vert, Metro Boomin",3,Trap,United States,2023,6,2,259.00,0.00,"37,126,685.00",5.00,17.00,5.00,0.00,0.00,,,0-5000
1956320,Eyes Closed,Ed Sheeran,1,Pop,United Kingdom,2023,3,23,"2,915.00",30.00,"195,576,623.00",116.00,69.00,107.00,3.00,675.00,,,0-5000
3608552,Escapism.,"RAYE, 070 Shake",2,R&B,United Kingdom,2022,10,12,"5,129.00",25.00,"532,336,353.00",116.00,84.00,114.00,18.00,348.00,,,5001-15000
1443757,La Jumpa,"Arcangel, Bad Bunny",2,Latin trap,Puerto Rico,2022,11,30,"3,794.00",34.00,"538,115,192.00",47.00,77.00,53.00,10.00,8.00,,,0-5000
1452364,Karma (feat. Ice Spice),"Taylor Swift, Ice Spice",2,Pop,United States,2023,5,26,588.00,0.00,"46,142,772.00",23.00,21.00,31.00,0.00,0.00,,,0-5000
3512881,Superhero (Heroes & Villains) [with Future & Chris Brown],"Future, Chris Brown, Metro Boomin",3,Trap,United States,2022,12,2,"2,959.00",16.00,"401,036,314.00",41.00,69.00,38.00,0.00,36.00,,,0-5000
8171349,Las Morras,"BLESSD, Peso Pluma",2,Reggaeton,Colombia,2023,4,4,291.00,8.00,"127,026,613.00",8.00,78.00,4.00,1.00,1.00,,,0-5000
1054764,CHORRITO PA LAS ANIMAS,Feid,1,Reggaeton,Colombia,2022,12,2,"2,321.00",36.00,"345,031,710.00",29.00,65.00,34.00,5.00,3.00,,,0-5000
6794169,Ch y la Pizza,"Fuerza Regida, Natanael Cano",2,Corridos tumbados,United States,2022,12,1,536.00,10.00,"288,101,651.00",10.00,72.00,8.00,3.00,14.00,,,0-5000
1166211,Snow On The Beach (feat. More Lana Del Rey),"Lana Del Rey, Taylor Swift",2,Dream pop,United States,2023,5,26,359.00,2.00,"60,350,538.00",1.00,0.00,9.00,0.00,0.00,,,0-5000
7137376,Players,Coi Leray,1,Heavy metal,United States,2022,11,30,"4,096.00",6.00,"335,074,782.00",118.00,48.00,143.00,0.00,240.00,,,0-5000
6620188,Bite Me,ENHYPEN,1,K-pop,South Korea,2023,5,22,349.00,69.00,"76,767,396.00",8.00,96.00,5.00,0.00,56.00,,,0-5000
4053069,Stand By Me (feat. Morgan Wallen),"Lil Durk, Morgan Wallen",2,Hip-hop,United States,2023,5,26,381.00,5.00,"46,065,667.00",23.00,82.00,6.00,0.00,113.00,,,0-5000
6286315,Normal,Feid,1,Reggaeton,Colombia,2022,7,8,"2,461.00",36.00,"459,276,435.00",47.00,66.00,45.00,5.00,6.00,,,0-5000
8346639,Hummingbird (Metro Boomin & James Blake),"James Blake, Metro Boomin",2,Hip-hop,United States,2023,6,2,277.00,1.00,"39,666,245.00",1.00,20.00,5.00,0.00,1.00,,,0-5000
2098417,Seu Brilho Sumiu - Ao Vivo,"Israel & Rodolffo, Mari Fernandez",2,Sertanejo,Brazil,2023,3,1,967.00,5.00,"138,517,666.00",7.00,29.00,51.00,1.00,29.00,,,0-5000
4334346,Bad Habit,Steve Lacy,1,R&B,United States,2022,6,29,"8,186.00",12.00,"822,633,917.00",155.00,72.00,131.00,16.00,29.00,,,5001-15000
1193878,Lilith (feat. SUGA of BTS) (Diablo IV Anthem),"Halsey, Suga",2,Pop,United States,2023,6,5,215.00,6.00,"51,985,779.00",6.00,14.00,8.00,2.00,4.00,,,0-5000
2754241,Search & Rescue,Drake,1,Heavy metal,Canada,2023,4,7,"2,066.00",6.00,"175,097,833.00",58.00,70.00,43.00,0.00,182.00,,,0-5000
2987008,Lavender Haze,Taylor Swift,1,Synth-pop,United States,2022,10,21,"3,763.00",8.00,"488,386,797.00",51.00,43.00,38.00,10.00,1.00,,,0-5000
6436155,"Link Up (Metro Boomin & Don Toliver, Wizkid feat. BEAM & Toian) - Spider-Verse Remix (Spider-Man: Across the Spider-Verse )","WizKid, Toian, Metro Boomin, Don Toliver, Beam",5,Hip-hop,United States,2023,6,2,197.00,0.00,"32,761,689.00",3.00,10.00,3.00,0.00,0.00,,,0-5000
1621586,Efecto,Bad Bunny,1,Reggaeton,Puerto Rico,2022,5,6,"4,004.00",33.00,"1,047,480,053.00",34.00,65.00,43.00,6.00,2.00,,,0-5000
6845168,Erro Gostoso - Ao Vivo,Simone Mendes,1,Sertanejo,Brazil,2023,1,27,984.00,5.00,"153,454,328.00",8.00,57.00,76.00,2.00,49.00,,,0-5000
1743307,Cupido,Tini,1,Latin pop,Argentina,2023,2,14,"1,240.00",24.00,"217,672,943.00",51.00,29.00,63.00,4.00,54.00,,,0-5000
3910891,Just Wanna Rock,Lil Uzi Vert,1,Jersey club,United States,2022,10,17,"3,995.00",13.00,"457,184,829.00",72.00,27.00,47.00,0.00,0.00,,,0-5000
8213022,Unstoppable,Sia,1,Pop,Australia,2016,1,21,"7,681.00",13.00,"939,844,851.00",119.00,66.00,"1,145.00",2.00,,,,5001-15000
8641758,Until I Found You,Stephen Sanchez,1,Pop,United States,2021,9,1,"4,427.00",4.00,"726,434,358.00",69.00,100.00,154.00,20.00,438.00,,,0-5000
4604858,Rich Flex,"Drake, 21 Savage",2,Heavy metal,Canada,2022,11,4,"4,657.00",18.00,"573,633,020.00",84.00,84.00,42.00,0.00,23.00,,,0-5000
7732446,Easy On Me,Adele,1,Pop,United Kingdom,2021,10,14,"10,195.00",20.00,"1,406,111,294.00",258.00,87.00,657.00,22.00,9.00,,,5001-15000
5554493,Danger (Spider) (Offset & JID),"Offset, JID",2,Heavy metal,United States,2023,6,2,214.00,0.00,"24,975,653.00",3.00,3.00,6.00,0.00,0.00,,,0-5000
2670198,The Real Slim Shady,Eminem,1,Heavy metal,United States,2000,1,1,"20,763.00",27.00,"1,424,589,568.00",81.00,53.00,"3,271.00",1.00,17.00,,,15001+
5478299,MERCHO,"Migrantes, LiL CaKe, Nico Valdi",3,Cumbia pop,Argentina,2022,12,16,"1,267.00",20.00,"231,332,117.00",41.00,22.00,56.00,4.00,84.00,,,0-5000
8465611,The Color Violet,Tory Lanez,1,R&B,Canada,2021,12,10,"2,585.00",32.00,"415,932,686.00",3.00,79.00,21.00,1.00,54.00,,,0-5000
2434062,Glimpse of Us,Joji,1,Alternative R&B,Japan,2022,6,10,"6,330.00",6.00,"988,515,741.00",109.00,42.00,158.00,3.00,31.00,,,5001-15000
6675451,Mejor Que Yo,"Mambo Kingz, DJ Luian, Anuel Aa",3,Latin trap,Puerto Rico,2023,5,4,675.00,1.00,"50,847,624.00",9.00,13.00,11.00,0.00,1.00,,,0-5000
6895326,Curtains,Ed Sheeran,1,Pop,United Kingdom,2023,5,5,715.00,0.00,"39,893,489.00",37.00,3.00,27.00,0.00,50.00,,,0-5000
2012053,UNFORGIVEN (feat. Nile Rodgers),"Nile Rodgers, LE SSERAFIM",2,K-pop,South Korea,2023,5,1,327.00,13.00,"92,035,115.00",14.00,110.00,9.00,0.00,49.00,,,0-5000
1442233,Haegeum,Agust D,1,K-hip-hop,South Korea,2023,4,21,244.00,12.00,"118,810,253.00",6.00,84.00,10.00,2.00,9.00,,,0-5000
1397395,MIENTRAS ME CURO DEL CORA,Karol G,1,Latin pop,Colombia,2023,2,24,"1,020.00",35.00,"206,399,629.00",15.00,26.00,30.00,6.00,0.00,,,0-5000
3475077,Never Felt So Alone,Labrinth,1,Alternative,United Kingdom,2023,4,7,"1,730.00",3.00,"117,747,907.00",46.00,5.00,51.00,0.00,20.00,,,0-5000
6778924,X SI VOLVEMOS,"Karol G, Romeo Santos",2,Reggaeton,Colombia,2023,2,2,"2,127.00",33.00,"266,624,541.00",45.00,80.00,53.00,8.00,4.00,,,0-5000
7653113,ceilings,Lizzy McAlpine,1,Indie pop,United States,2022,4,8,"3,242.00",9.00,"293,186,992.00",67.00,55.00,48.00,0.00,6.00,,,0-5000
8571641,Cupid,Fifty Fifty,1,K-pop,South Korea,2023,2,24,526.00,10.00,"139,681,964.00",15.00,93.00,30.00,0.00,320.00,,,0-5000
7517093,I AM,IVE,1,K-pop,South Korea,2023,4,10,366.00,15.00,"123,132,751.00",16.00,102.00,7.00,0.00,55.00,,,0-5000
4823840,Shorty Party,"Cartel De Santa, La Kelly",2,Latin hip-hop,Mexico,2023,3,4,432.00,12.00,"162,887,075.00",8.00,14.00,12.00,2.00,33.00,,,0-5000
4502825,Super,SEVENTEEN,1,K-pop,South Korea,2023,4,24,271.00,12.00,"91,221,625.00",16.00,103.00,9.00,0.00,55.00,,,0-5000
8297242,Slut Me Out,NLE Choppa,1,Heavy metal,United States,2022,4,22,816.00,4.00,"190,490,915.00",21.00,4.00,13.00,0.00,4.00,,,0-5000
2264316,Double Fantasy (with Future),"The Weeknd, Future",2,R&B,Canada,2023,4,21,"1,169.00",0.00,"96,180,277.00",36.00,65.00,28.00,0.00,0.00,,,0-5000
4117642,All Of The Girls You Loved Before,Taylor Swift,1,Pop,United States,2019,8,23,"1,282.00",6.00,"185,240,616.00",26.00,6.00,19.00,0.00,5.00,,,0-5000
6966778,PROVENZA,Karol G,1,Reggaeton,Colombia,2022,4,21,"6,587.00",34.00,"885,093,467.00",114.00,104.00,147.00,11.00,20.00,,,5001-15000
5442505,Princess Diana (with Nicki Minaj),"Nicki Minaj, Ice Spice",2,Heavy metal,United States,2023,4,14,"1,444.00",4.00,"104,992,946.00",0.00,0.00,0.00,0.00,0.00,,,0-5000
7230461,Di Que Si,"Grupo Marca Registrada, Grupo Frontera",2,Regional Mexican,Mexico,2023,2,3,356.00,10.00,"147,290,338.00",4.00,64.00,4.00,2.00,37.00,,,0-5000
1774478,Shivers,Ed Sheeran,1,Pop,United Kingdom,2021,9,9,"10,147.00",30.00,"1,302,184,087.00",234.00,71.00,543.00,18.00,,,,5001-15000
3546474,Shoong! (feat. LISA of BLACKPINK),"TAEYANG, Lisa",2,K-pop,South Korea,2023,4,25,351.00,9.00,"76,910,644.00",16.00,90.00,10.00,0.00,64.00,,,0-5000
4389214,Komang,Raim Laode,1,Pop,Indonesia,2022,8,16,158.00,4.00,"137,123,880.00",5.00,6.00,1.00,1.00,18.00,,,0-5000
4257818,Made You Look,Meghan Trainor,1,Pop,United States,2022,10,21,"3,956.00",6.00,"502,574,952.00",142.00,23.00,127.00,3.00,16.00,,,0-5000
2313207,Watch This - ARIZONATEARS Pluggnb Remix,"sped up nightcore, ARIZONATEARS, Lil Uzi Vert",3,Hip-hop,United States,2023,2,5,"1,638.00",10.00,"207,033,255.00",0.00,0.00,21.00,0.00,0.00,,,0-5000
3132809,No Se Va,Grupo Frontera,1,Regional Mexican,United States,2022,4,28,924.00,18.00,"404,887,295.00",17.00,80.00,22.00,9.00,38.00,,,0-5000
8471078,Punto G,Quevedo,1,Reggaeton,Spain,2022,11,4,"1,985.00",35.00,"381,161,027.00",34.00,26.00,37.00,5.00,1.00,,,0-5000
8987545,Lovers Rock,TV Girl,1,Indie pop,United States,2014,6,5,"6,339.00",13.00,"466,231,982.00",3.00,1.00,36.00,1.00,37.00,,,5001-15000
6158916,METAMORPHOSIS,INTERWORLD,1,Phonk,Russia,2021,11,25,"1,561.00",24.00,"357,580,552.00",18.00,78.00,24.00,0.00,30.00,,,0-5000
4916659,Mami Chula,"Quevedo, Jhayco",2,Reggaeton,Spain,2023,4,27,875.00,4.00,"61,105,704.00",17.00,13.00,27.00,0.00,43.00,,,0-5000
6744187,En Paris,"El Chachito, Junior H",2,Corridos tumbados,Mexico,2022,12,24,406.00,5.00,"198,275,403.00",3.00,31.00,2.00,1.00,0.00,,,0-5000
8513259,Set Me Free Pt.2,Jimin,1,K-pop,South Korea,2023,3,17,340.00,13.00,"168,448,603.00",4.00,71.00,16.00,1.00,9.00,,,0-5000
6029543,I Was Never There,"The Weeknd, Gesaffelstein",2,R&B,Canada,2018,3,29,"4,188.00",15.00,"705,469,769.00",30.00,70.00,142.00,0.00,27.00,,,0-5000
4603662,Don't ever say love me (feat. RM of BTS),"RM, Colde",2,K-R&B,South Korea,2023,5,4,105.00,0.00,"34,502,215.00",5.00,9.00,5.00,0.00,0.00,,,0-5000
5904115,Shut Down,BLACKPINK,1,K-pop,South Korea,2022,9,16,"1,524.00",17.00,"482,175,240.00",53.00,120.00,62.00,0.00,2.00,,,0-5000
2339996,Gato de Noche,"Nengo Flow, Bad Bunny",2,Reggaeton,Puerto Rico,2022,12,22,"2,651.00",30.00,"304,118,600.00",21.00,55.00,32.00,3.00,0.00,,,0-5000
6387600,Call Out My Name,The Weeknd,1,R&B,Canada,2018,3,29,"11,087.00",6.00,"1,449,799,467.00",151.00,107.00,801.00,1.00,105.00,,,5001-15000
7881394,Like Crazy (English Version),Jimin,1,K-pop,South Korea,2023,3,24,373.00,19.00,"173,627,354.00",4.00,72.00,5.00,0.00,5.00,,,0-5000
5555264,Sunroof,"Nicky Youre, Dazy",2,Pop,United States,2021,12,3,"3,741.00",17.00,"652,704,649.00",156.00,35.00,110.00,19.00,0.00,,,0-5000
6766942,Lose Yourself - Soundtrack Version,Eminem,1,Heavy metal,United States,2002,1,1,"32,502.00",21.00,"1,829,992,958.00",247.00,54.00,"5,567.00",1.00,51.00,,,15001+
4238748,Superman,"Eminem, Dina Rae",2,Heavy metal,United States,2002,5,26,"7,615.00",14.00,"655,466,831.00",18.00,51.00,"1,005.00",0.00,0.00,,,5001-15000
2484929,Mas Rica Que Ayer,"Mambo Kingz, DJ Luian, Anuel Aa",3,Reggaeton,Puerto Rico,2023,3,2,"1,208.00",34.00,"146,409,671.00",10.00,41.00,20.00,0.00,1.00,,,0-5000
6619922,People Pt.2 (feat. IU),"IU, Agust D",2,K-pop,South Korea,2023,4,7,209.00,4.00,"95,816,024.00",4.00,45.00,11.00,2.00,24.00,,,0-5000
7989475,REMIX EXCLUSIVO,Feid,1,Reggaeton,Colombia,2023,3,17,"1,235.00",9.00,"117,206,995.00",20.00,8.00,15.00,0.00,6.00,,,0-5000
1111875,DOGTOOTH,"Tyler, The Creator",2,Heavy metal,United States,2023,3,27,"1,479.00",0.00,"80,758,350.00",23.00,0.00,18.00,0.00,33.00,,,0-5000
6083108,SORRY NOT SORRY,"Tyler, The Creator",2,Heavy metal,United States,2023,3,31,709.00,0.00,"58,473,276.00",8.00,1.00,13.00,0.00,0.00,,,0-5000
3143453,HAPPY,NF,1,Heavy metal,United States,2023,3,25,660.00,0.00,"52,722,996.00",22.00,7.00,11.00,0.00,78.00,,,0-5000
5615912,La Bebe,Yng Lvcas,1,Reggaeton,Mexico,2021,12,24,489.00,17.00,"191,945,597.00",4.00,11.00,5.00,1.00,2.00,,,0-5000
1214913,I Know - PR1SVX Edit,"Kanii, PR1ISVX",2,Hip-hop,United States,2023,3,24,407.00,0.00,"77,377,503.00",16.00,15.00,5.00,0.00,1.00,,,0-5000
2135563,Late Night Talking,Harry Styles,1,Pop,United Kingdom,2022,5,20,"7,461.00",8.00,"743,693,613.00",166.00,42.00,199.00,16.00,58.00,,,5001-15000
5142009,Save Your Tears (with Ariana Grande) (Remix),"Ariana Grande, The Weeknd",2,Pop,Canada,2020,3,20,"9,161.00",5.00,"1,221,813,483.00",240.00,98.00,468.00,3.00,10.00,,,5001-15000
6107898,Something in the Orange,Zach Bryan,1,Country,United States,2022,4,22,"3,282.00",12.00,"449,701,773.00",67.00,84.00,46.00,16.00,117.00,,,0-5000
5763974,VOID,Melanie Martinez,1,Alternative pop,United States,2023,3,29,596.00,0.00,"67,070,410.00",29.00,9.00,12.00,0.00,52.00,,,0-5000
5402623,Dijeron Que No La Iba Lograr,"Fuerza Regida, Chino Pacas",2,Regional Mexican,United States,2023,3,14,320.00,6.00,"116,334,601.00",5.00,48.00,2.00,1.00,9.00,,,0-5000
3694791,Midnight Rain,Taylor Swift,1,Pop,United States,2022,10,21,"2,612.00",4.00,"433,356,509.00",19.00,29.00,21.00,0.00,0.00,,,0-5000
4832204,If We Ever Broke Up,Mae Stephens,1,Pop,United Kingdom,2023,2,10,"2,040.00",4.00,"165,584,767.00",81.00,27.00,66.00,9.00,444.00,,,0-5000
3575524,You Proof,Morgan Wallen,1,Country,United States,2022,5,13,"2,128.00",9.00,"367,814,306.00",37.00,88.00,9.00,0.00,14.00,,,0-5000
7402588,LA INOCENTE,"Feid, Mora",2,Reggaeton,Colombia,2022,4,1,"2,598.00",37.00,"477,033,549.00",28.00,57.00,43.00,8.00,85.00,,,0-5000
6333549,Malas Decisiones,Kenia OS,1,Latin pop,Mexico,2022,10,26,542.00,2.00,"156,214,700.00",23.00,2.00,21.00,0.00,0.00,,,0-5000
5673293,Murder In My Mind,Kordhell,1,Phonk,United States,2022,1,21,"2,459.00",20.00,"448,843,705.00",20.00,68.00,50.00,0.00,22.00,,,0-5000
5939675,Gangsta's Paradise,"Coolio, L.V.",2,Heavy metal,United States,1995,7,11,"10,624.00",17.00,"1,357,608,774.00",21.00,0.00,386.00,0.00,,,,5001-15000
5152397,CAIRO,"Karol G, Ovy On The Drums",2,Reggaeton,Colombia,2022,11,13,"2,418.00",26.00,"294,352,144.00",52.00,66.00,55.00,1.00,16.00,,,0-5000
8584244,I Love You So,The Walters,1,Indie pop,United States,2014,11,28,"7,536.00",7.00,"972,164,968.00",44.00,19.00,135.00,0.00,6.00,,,5001-15000
1014962,Dark Red,Steve Lacy,1,R&B,United States,2017,2,20,"10,431.00",7.00,"920,045,682.00",71.00,53.00,181.00,0.00,10.00,,,5001-15000
7587856,Say You Won't Let Go,James Arthur,1,Pop,United Kingdom,2016,9,9,"15,722.00",16.00,"2,420,461,338.00",231.00,37.00,"1,509.00",0.00,13.00,,,15001+
6380084,The Hills,The Weeknd,1,R&B,Canada,2015,5,27,"25,744.00",4.00,"1,947,371,785.00",122.00,94.00,"1,992.00",0.00,18.00,,,15001+
2775772,Heart To Heart,Mac DeMarco,1,Indie rock,Canada,2019,5,10,"1,640.00",0.00,"244,658,767.00",27.00,27.00,29.00,1.00,1.00,,,0-5000
6987709,Peaches (from The Super Mario Bros. Movie),Jack Black,1,Rock,United States,2023,4,7,34.00,0.00,"68,216,992.00",0.00,0.00,0.00,0.00,0.00,,,0-5000
8001796,Marisola - Remix,"Duki, NICKI NICOLE, Cris Mj, Standly, Stars Music Chile",5,Latin trap,Argentina,2022,12,15,"1,845.00",16.00,"223,582,566.00",20.00,8.00,30.00,2.00,0.00,,,0-5000
1035366,LOKERA,"Brray, Rauw Alejandro, Lyanno",3,Reggaeton,Puerto Rico,2022,7,25,"3,301.00",30.00,"471,819,764.00",72.00,64.00,64.00,6.00,3.00,,,0-5000
2578085,Low,SZA,1,R&B,United States,2022,12,9,"1,911.00",0.00,"272,377,463.00",23.00,71.00,14.00,0.00,9.00,,,0-5000
3049716,Numb,Linkin Park,1,Alternative rock,United States,2003,3,24,"20,111.00",5.00,"1,361,425,037.00",39.00,0.00,"7,341.00",0.00,0.00,,,15001+
8246992,Tormenta (feat. Bad Bunny),"Gorillaz, Bad Bunny",2,Alternative,United Kingdom,2023,2,24,"1,529.00",0.00,"149,778,242.00",32.00,18.00,39.00,2.00,0.00,,,0-5000
3986213,on the street (with J. Cole),"j-hope, J. Cole",2,Heavy metal,South Korea,2023,3,3,615.00,2.00,"116,599,790.00",22.00,82.00,8.00,0.00,9.00,,,0-5000
2840055,One Thing At A Time,Morgan Wallen,1,Country,United States,2022,12,2,811.00,4.00,"148,469,433.00",11.00,58.00,5.00,0.00,21.00,,,0-5000
5405010,Miss You,"Robin Schulz, Oliver Tree",2,Dance,Germany,2022,8,5,"5,730.00",10.00,"497,225,336.00",108.00,16.00,197.00,3.00,165.00,,,5001-15000
3895305,Private Landing (feat. Justin Bieber & Future),"Don Toliver, Future, Justin Bieber",3,Heavy metal,United States,2023,2,23,"1,190.00",0.00,"105,062,254.00",29.00,3.00,18.00,0.00,19.00,,,0-5000
3546129,Everything I Love,Morgan Wallen,1,Country,United States,2023,1,31,579.00,0.00,"95,623,148.00",11.00,54.00,0.00,0.00,103.00,,,0-5000
4538543,Heaven,Niall Horan,1,Pop,Ireland,2023,2,17,"1,553.00",2.00,"144,584,800.00",61.00,6.00,48.00,0.00,150.00,,,0-5000
5073649,LET GO,Central Cee,1,UK drill,United Kingdom,2022,12,15,"2,301.00",20.00,"298,063,749.00",49.00,23.00,110.00,0.00,8.00,,,0-5000
1824533,Sial,Mahalini,1,Pop,Indonesia,2023,1,23,134.00,4.00,"166,570,053.00",4.00,6.00,0.00,0.00,23.00,,,0-5000
2841488,I Wrote The Book,Morgan Wallen,1,Country,United States,2023,1,31,430.00,0.00,"83,021,468.00",15.00,17.00,0.00,0.00,0.00,,,0-5000
7021208,"Apna Bana Le (From ""Bhediya"")","Arijit Singh, Sachin-Jigar",2,Bollywood,India,2022,11,5,86.00,0.00,"139,836,056.00",11.00,101.00,0.00,0.00,48.00,,,0-5000
4967469,SPIT IN MY FACE!,ThxSoMch,1,Alternative hip-hop,Canada,2022,10,31,629.00,14.00,"303,216,294.00",32.00,3.00,9.00,0.00,0.00,,,0-5000
3970396,Man Made A Bar (feat. Eric Church),"Morgan Wallen, Eric Church",2,Country,United States,2023,3,3,329.00,0.00,"58,890,931.00",14.00,35.00,1.00,0.00,0.00,,,0-5000
2853933,Red Ruby Da Sleeze,Nicki Minaj,1,Heavy metal,United States,2023,3,3,"1,168.00",0.00,"81,419,389.00",45.00,11.00,20.00,0.00,21.00,,,0-5000
1740150,Kahani Suno 2.0,Kaifi Khalil,1,Pop,Pakistan,2022,5,31,162.00,6.00,"156,777,415.00",1.00,10.00,1.00,0.00,1.00,,,0-5000
3923468,Nobody Gets Me,SZA,1,R&B,United States,2022,12,9,"2,536.00",6.00,"284,908,316.00",59.00,100.00,58.00,13.00,2.00,,,0-5000
7166872,Hype Boy,NewJeans,1,K-pop,South Korea,2022,8,1,892.00,17.00,"363,472,647.00",20.00,119.00,12.00,2.00,7.00,,,0-5000
7921549,Bloody Mary,Lady Gaga,1,Pop,United States,2011,1,1,"3,909.00",0.00,"372,476,382.00",66.00,26.00,277.00,3.00,734.00,,,0-5000
2395685,WANDA,Quevedo,1,Reggaeton,Spain,2023,1,20,888.00,22.00,"175,399,345.00",11.00,24.00,7.00,1.00,7.00,,,0-5000
6402604,Thought You Should Know,Morgan Wallen,1,Country,United States,2022,5,6,968.00,4.00,"203,221,468.00",16.00,53.00,1.00,0.00,61.00,,,0-5000
4552573,In The End,Linkin Park,1,Alternative rock,United States,2000,10,24,"25,065.00",6.00,"1,624,165,576.00",63.00,0.00,"6,808.00",2.00,0.00,,,15001+
2068804,Zona De Perigo,Leo Santana,1,Axé,Brazil,2022,12,8,531.00,4.00,"134,294,498.00",20.00,1.00,71.00,2.00,0.00,,,0-5000
3519068,Lovezinho,Treyce,1,Brazilian funk,Brazil,2022,7,28,242.00,0.00,"70,069,745.00",12.00,2.00,13.00,0.00,4.00,,,0-5000
1912112,I Like You (A Happier Song) (with Doja Cat),"Post Malone, Doja Cat",2,Pop rap,United States,2022,6,3,"5,281.00",14.00,"609,293,408.00",94.00,21.00,80.00,15.00,38.00,,,5001-15000
6133453,Neverita,Bad Bunny,1,Reggaeton,Puerto Rico,2022,5,6,"2,590.00",30.00,"671,365,962.00",20.00,64.00,35.00,6.00,0.00,,,0-5000
3875589,Vista Al Mar,Quevedo,1,Reggaeton,Spain,2022,9,8,"1,769.00",34.00,"362,361,576.00",16.00,19.00,21.00,3.00,4.00,,,0-5000
1519987,Enemy (with JID) - from the series Arcane League of Legends,"Imagine Dragons, League of Legends, JID, Arcane",4,Pop rock,United States,2021,9,3,"6,180.00",7.00,"1,223,481,149.00",122.00,88.00,580.00,21.00,10.00,,,5001-15000
2061546,Revenge,XXXTENTACION,1,Hip-hop,United States,2017,8,25,"3,600.00",11.00,"1,022,258,230.00",7.00,0.00,203.00,0.00,2.00,,,0-5000
7204092,Bombonzinho - Ao Vivo,"Israel & Rodolffo, Ana Castela",2,Sertanejo,Brazil,2022,11,3,"1,254.00",6.00,"263,453,310.00",26.00,69.00,73.00,2.00,6.00,,,0-5000
5911914,Love Again,The Kid Laroi,1,Pop,Australia,2023,1,27,"1,283.00",0.00,"147,538,971.00",57.00,4.00,48.00,0.00,0.00,,,0-5000
3347693,After Hours,The Weeknd,1,R&B,Canada,2020,2,19,"8,084.00",6.00,"698,086,140.00",45.00,115.00,218.00,1.00,221.00,,,5001-15000
5080031,About Damn Time,Lizzo,1,Pop,United States,2022,7,15,"2,332.00",2.00,"723,894,473.00",0.00,0.00,25.00,0.00,0.00,,,0-5000
3746522,Born With A Beer In My Hand,Morgan Wallen,1,Country,United States,2023,3,3,203.00,0.00,"34,450,974.00",5.00,9.00,0.00,0.00,0.00,,,0-5000
4942277,Maan Meri Jaan,King,1,Pop,India,2022,10,12,288.00,6.00,"319,566,866.00",11.00,80.00,1.00,0.00,8.00,,,0-5000
1459555,Moscow Mule,Bad Bunny,1,Reggaeton,Puerto Rico,2022,5,6,"4,572.00",33.00,"909,001,996.00",74.00,113.00,85.00,9.00,2.00,,,0-5000
4162862,My Universe,"Coldplay, BTS",2,Pop,United Kingdom,2021,9,24,"6,127.00",13.00,"1,061,966,512.00",0.00,0.00,0.00,0.00,0.00,,,5001-15000
2296238,I'm Not Here To Make Friends,"Sam Smith, Calvin Harris, Jessie Reyez",3,Pop,United Kingdom,2023,1,27,"1,890.00",0.00,"103,787,664.00",86.00,1.00,49.00,0.00,9.00,,,0-5000
2023447,TRUSTFALL,P!nk,1,Pop,United States,2023,1,27,"2,098.00",16.00,"134,255,790.00",88.00,24.00,101.00,7.00,451.00,,,0-5000
4492232,ANTIFRAGILE,LE SSERAFIM,1,K-pop,South Korea,2022,10,17,761.00,12.00,"301,051,721.00",23.00,95.00,11.00,0.00,3.00,,,0-5000
2817956,Boy's a liar,PinkPantheress,1,UK garage,United Kingdom,2022,11,30,"1,225.00",0.00,"156,338,624.00",27.00,0.00,28.00,13.00,0.00,,,0-5000
7349725,VIBE (feat. Jimin of BTS),"TAEYANG, Jimin",2,K-pop,South Korea,2023,1,13,415.00,2.00,"152,850,295.00",15.00,40.00,21.00,1.00,15.00,,,0-5000
7526938,Shirt,SZA,1,R&B,United States,2022,10,28,"3,469.00",0.00,"309,653,982.00",71.00,95.00,31.00,0.00,2.00,,,0-5000
4562499,Lift Me Up - From Black Panther: Wakanda Forever - Music From and Inspired By,Rihanna,1,Pop,Barbados,2022,10,28,"3,311.00",0.00,"297,328,960.00",129.00,31.00,212.00,1.00,41.00,,,0-5000
6204936,STAR WALKIN' (League of Legends Worlds Anthem),Lil Nas X,1,Hip-hop,United States,2022,9,22,"2,616.00",0.00,"332,506,354.00",113.00,17.00,208.00,0.00,192.00,,,0-5000
5300224,"Sex, Drugs, Etc.",Beach Weather,1,Indie rock,United States,2016,11,4,"3,006.00",16.00,"480,507,035.00",47.00,60.00,87.00,12.00,124.00,,,0-5000
7304378,Boy With Luv (feat. Halsey),"Halsey, BTS",2,K-pop,South Korea,2019,4,12,"4,260.00",0.00,"1,065,580,332.00",113.00,92.00,259.00,0.00,1.00,,,0-5000
8292846,"Hey, Mickey!",Baby Tate,1,Heavy metal,United States,2016,9,27,482.00,0.00,"122,763,672.00",9.00,1.00,12.00,4.00,3.00,,,0-5000
6602768,Jhoome Jo Pathaan,"Arijit Singh, Vishal Dadlani, Sukriti Kakar, Vishal-Shekhar, Shekhar Ravjiani, Kumaar",6,Bollywood,India,2022,12,22,138.00,4.00,"1,365,184.00",13.00,78.00,2.00,0.00,0.00,,,0-5000
2432426,Escapism. - Sped Up,"RAYE, 070 Shake",2,R&B,United Kingdom,2022,11,25,"1,368.00",0.00,"184,308,753.00",12.00,1.00,11.00,0.00,8.00,,,0-5000
4765423,Space Song,Beach House,1,Dream pop,United States,2015,1,1,"17,852.00",4.00,"789,753,877.00",69.00,76.00,335.00,0.00,,,,15001+
4978027,Dreamers [Music from the FIFA World Cup Qatar 2022 Official Soundtrack],"BTS, Jung Kook, FIFA Sound",3,K-pop,South Korea,2022,11,20,889.00,20.00,"323,358,833.00",11.00,78.00,35.00,0.00,21.00,,,0-5000
5937798,Te Felicito,"Shakira, Rauw Alejandro",2,Reggaeton,Colombia,2022,4,21,"4,796.00",9.00,"606,361,689.00",124.00,66.00,212.00,13.00,1.00,,,0-5000
1239958,TV,Billie Eilish,1,Indie pop,United States,2022,7,21,"3,009.00",2.00,"338,564,981.00",68.00,89.00,65.00,0.00,25.00,,,0-5000
1776310,I'm Not The Only One,Sam Smith,1,Soul,United Kingdom,2014,1,1,"17,492.00",3.00,"1,606,986,953.00",136.00,24.00,"1,959.00",0.00,30.00,,,15001+
5864281,Heather,Conan Gray,1,Pop,United States,2020,3,20,"6,170.00",7.00,"1,301,799,902.00",82.00,1.00,231.00,0.00,2.00,,,5001-15000
1936946,"Besharam Rang (From ""Pathaan"")","Vishal-Shekhar, Shilpa Rao, Caralisa Monteiro, Kumaar, Vishal Dadlani, Shekhar Ravjiani",6,Bollywood,India,2022,12,12,130.00,4.00,"140,187,018.00",21.00,79.00,2.00,0.00,0.00,,,0-5000
2143818,One Kiss (with Dua Lipa),"Calvin Harris, Dua Lipa",2,Dance,United Kingdom,2017,6,2,"27,705.00",10.00,"1,897,517,891.00",537.00,122.00,"2,726.00",6.00,,,,15001+
8537557,Sugar Rush Ride,TOMORROW X TOGETHER,1,K-pop,South Korea,2023,1,27,359.00,0.00,"107,642,809.00",12.00,56.00,13.00,0.00,13.00,,,0-5000
2122853,Pink Venom,BLACKPINK,1,K-pop,South Korea,2022,8,19,"1,963.00",16.00,"551,305,895.00",57.00,119.00,77.00,1.00,13.00,,,0-5000
3827734,WAIT FOR U (feat. Drake & Tems),"Drake, Future, Tems",3,Hip-hop,United States,2022,4,27,"5,491.00",14.00,"556,585,270.00",128.00,84.00,75.00,0.00,35.00,,,5001-15000
6891911,Don't Start Now,Dua Lipa,1,Disco pop,United Kingdom,2019,10,31,"27,119.00",0.00,"2,303,033,973.00",532.00,77.00,"1,535.00",3.00,8.00,,,15001+
4635311,After Dark,Mr.Kitty,1,Synthwave,United States,2014,8,8,"1,776.00",14.00,"646,886,885.00",1.00,9.00,3.00,0.00,0.00,,,0-5000
4794318,Eu Gosto Assim - Ao Vivo,"Gustavo Mioto, Mari Fernandez",2,Sertanejo,Brazil,2022,9,16,"1,473.00",4.00,"222,612,678.00",27.00,64.00,66.00,1.00,4.00,,,0-5000
3378211,INDUSTRY BABY (feat. Jack Harlow),"Jack Harlow, Lil Nas X",2,Heavy metal,United States,2021,7,23,"13,315.00",0.00,"1,814,349,763.00",300.00,47.00,690.00,0.00,,,,5001-15000
1168222,Atlantis,Seafret,1,Indie pop,United Kingdom,2015,4,22,"3,045.00",6.00,"571,386,359.00",43.00,53.00,134.00,1.00,32.00,,,0-5000
5526636,PUNTO 40,"Baby Rasta, Rauw Alejandro",2,Reggaeton,Puerto Rico,2022,9,22,"3,006.00",12.00,"304,079,786.00",54.00,32.00,66.00,2.00,0.00,,,0-5000
6055373,Evoque Prata,"DJ Escobar, MC MENOR SG, MC MENOR HR",3,Brazilian funk,Brazil,2022,9,9,852.00,0.00,"174,006,928.00",14.00,1.00,50.00,0.00,0.00,,,0-5000
8803071,How Do I Say Goodbye,Dean Lewis,1,Pop,Australia,2022,8,5,"2,163.00",15.00,"284,785,823.00",72.00,97.00,58.00,0.00,154.00,,,0-5000
8689972,Blind,SZA,1,R&B,United States,2022,12,9,"1,484.00",0.00,"163,284,000.00",22.00,51.00,12.00,0.00,0.00,,,0-5000
3301347,Die For You,Joji,1,R&B,Canada,2022,11,4,"1,703.00",0.00,"246,390,068.00",38.00,45.00,36.00,16.00,0.00,,,0-5000
2865125,Doja,Central Cee,1,UK drill,United Kingdom,2022,7,20,"4,169.00",44.00,"482,257,456.00",57.00,44.00,183.00,1.00,11.00,,,0-5000
3469822,Gatita,Bellakath,1,Reggaeton,Mexico,2022,10,3,"1,054.00",0.00,"168,684,524.00",9.00,0.00,15.00,0.00,1.00,,,0-5000
7741272,Rumble,"Skrillex, Flowdan, Fred again..",3,Dubstep,United States,2022,1,17,"2,849.00",0.00,"78,489,819.00",39.00,45.00,27.00,0.00,1.00,,,0-5000
1718193,Niagara Falls (Foot or 2) [with Travis Scott & 21 Savage],"Travis Scott, 21 Savage, Metro Boomin",3,Trap,United States,2022,12,2,"1,602.00",0.00,"195,516,622.00",12.00,22.00,12.00,0.00,2.00,,,0-5000
3365981,Yonaguni,Bad Bunny,1,Reggaeton,Puerto Rico,2021,6,4,"9,644.00",28.00,"1,260,594,497.00",120.00,86.00,164.00,4.00,0.00,,,5001-15000
6643902,Super Freaky Girl,Nicki Minaj,1,Heavy metal,United States,2022,8,12,"4,827.00",0.00,"428,685,680.00",104.00,17.00,76.00,9.00,2.00,,,0-5000
1832626,Running Up That Hill (A Deal With God),Kate Bush,1,Synth-pop,United Kingdom,1985,9,16,"21,811.00",0.00,"1,024,858,327.00",117.00,1.00,676.00,3.00,0.00,,,15001+
1534505,Dream On,Aerosmith,1,Rock,United States,1973,1,5,168.00,0.00,"838,586,769.00",0.00,0.00,5.00,0.00,0.00,,,0-5000
6640464,Limbo,Freddie Dredd,1,Phonk,Canada,2022,8,11,688.00,0.00,"199,386,237.00",14.00,1.00,17.00,0.00,2.00,,,0-5000
6416915,Where Are You Now,"Lost Frequencies, Calum Scott",2,Dance,Belgium,2021,7,30,"10,565.00",44.00,"972,509,632.00",238.00,122.00,557.00,17.00,58.00,,,5001-15000
1221828,WORTH NOTHING,"Twisted, Oliver Tree",2,Alternative,United States,2022,9,28,"1,612.00",0.00,"213,438,580.00",34.00,54.00,34.00,0.00,2.00,,,0-5000
1203746,Bad Habits,Ed Sheeran,1,Pop,United Kingdom,2020,9,3,"12,755.00",8.00,"1,555,511,105.00",344.00,97.00,945.00,15.00,,,,5001-15000
2009624,KICK BACK,Kenshi Yonezu,1,J-pop,Japan,2022,10,12,574.00,4.00,"210,038,833.00",38.00,101.00,26.00,0.00,0.00,,,0-5000
6775509,Good Days,SZA,1,R&B,United States,2020,12,24,"10,426.00",2.00,"826,623,384.00",133.00,109.00,182.00,1.00,10.00,,,5001-15000
5415405,Levitating (feat. DaBaby),"Dua Lipa, DaBaby",2,Pop,United Kingdom,2020,3,27,"15,894.00",8.00,"1,802,514,301.00",198.00,13.00,544.00,0.00,60.00,,,15001+
5346382,Woman,Doja Cat,1,Pop,United States,2021,6,25,"9,424.00",0.00,"1,329,090,101.00",202.00,50.00,463.00,4.00,,,,5001-15000
7662363,Shut up My Moms Calling - (Sped Up),Hotel Ugly,1,Indie pop,United States,2022,9,14,713.00,7.00,"181,831,132.00",2.00,4.00,6.00,0.00,0.00,,,0-5000
8399372,Ferrari,"James Hype, Miggy Dela Rosa",2,House,United Kingdom,2022,3,14,"7,758.00",28.00,"462,791,599.00",173.00,79.00,175.00,0.00,168.00,,,5001-15000
3146245,"You're On Your Own, Kid",Taylor Swift,1,Pop,United States,2022,10,21,"2,537.00",2.00,"348,647,203.00",8.00,18.00,20.00,0.00,1.00,,,0-5000
3163708,"Kesariya (From ""Brahmastra"")","Pritam, Arijit Singh, Amitabh Bhattacharya",3,Bollywood,India,2022,7,17,292.00,6.00,"366,599,607.00",26.00,98.00,4.00,0.00,0.00,,,0-5000
1967014,Payphone,"Maroon 5, Wiz Khalifa",2,Pop rock,United States,2012,1,1,"14,143.00",4.00,"1,479,264,469.00",56.00,38.00,"1,891.00",1.00,,,,5001-15000
4490744,All I Want for Christmas Is You,Mariah Carey,1,Christmas pop,United States,1994,10,28,"25,653.00",0.00,"1,449,779,435.00",387.00,132.00,"2,094.00",0.00,,,,15001+
7224008,Last Christmas,Wham!,1,Christmas pop,United Kingdom,1984,1,1,"22,153.00",0.00,"1,159,176,109.00",274.00,111.00,"1,302.00",0.00,,,,15001+
8576945,Rockin' Around The Christmas Tree,Brenda Lee,1,Christmas rock,United States,1958,1,1,"14,994.00",0.00,"769,213,520.00",191.00,168.00,206.00,0.00,,,,5001-15000
6372609,Jingle Bell Rock,Bobby Helms,1,Christmas rock,United States,1957,1,1,"10,326.00",0.00,"741,301,563.00",165.00,99.00,104.00,0.00,,,,5001-15000
1236328,Santa Tell Me,Ariana Grande,1,Christmas pop,United States,2013,12,13,"9,408.00",0.00,"834,129,063.00",231.00,106.00,439.00,0.00,,,,5001-15000
5350503,It's the Most Wonderful Time of the Year,Andy Williams,1,Christmas pop,United States,1963,10,14,"8,879.00",0.00,"663,832,097.00",182.00,107.00,160.00,0.00,1.00,,,5001-15000
4277985,Let It Snow! Let It Snow! Let It Snow!,Dean Martin,1,Christmas pop,United States,1959,11,16,"6,512.00",0.00,"446,390,129.00",88.00,1.00,277.00,0.00,0.00,,,5001-15000
2886961,Snowman,Sia,1,Pop,Australia,2017,1,1,"5,140.00",0.00,"690,104,769.00",85.00,110.00,500.00,0.00,,,,5001-15000
4278371,Underneath the Tree,Kelly Clarkson,1,Christmas pop,United States,2013,10,25,"6,596.00",0.00,"485,285,717.00",144.00,99.00,251.00,0.00,0.00,,,5001-15000
5666047,Mistletoe,Justin Bieber,1,Christmas pop,Canada,2011,1,1,"9,577.00",0.00,"629,173,063.00",195.00,111.00,310.00,0.00,0.00,,,5001-15000
6900582,Sleigh Ride,The Ronettes,1,Christmas pop,United States,1963,11,22,"10,114.00",0.00,"404,664,135.00",114.00,74.00,262.00,0.00,0.00,,,5001-15000
6791135,Seek & Destroy,SZA,1,R&B,United States,2022,12,9,"1,007.00",0.00,"98,709,329.00",5.00,31.00,1.00,0.00,0.00,,,0-5000
4989276,Love Language,SZA,1,R&B,United States,2022,12,9,"1,127.00",0.00,"110,849,052.00",16.00,63.00,8.00,0.00,0.00,,,0-5000
2148200,Happy Xmas (War Is Over),"John Lennon, The Harlem Community Choir, The Plastic Ono Band, Yoko Ono",4,Christmas rock,United Kingdom,1971,12,1,"10,829.00",0.00,"460,492,795.00",130.00,1.00,390.00,0.00,0.00,,,5001-15000
3439901,Used (feat. Don Toliver),"SZA, Don Toliver",2,R&B,United States,2022,12,8,"1,042.00",0.00,"94,005,786.00",7.00,29.00,3.00,0.00,0.00,,,0-5000
4002890,A Holly Jolly Christmas - Single Version,Burl Ives,1,Christmas traditional,United States,1952,1,1,"7,930.00",0.00,"395,591,396.00",108.00,120.00,73.00,0.00,0.00,,,5001-15000
3087104,The Christmas Song (Merry Christmas To You) - Remastered 1999,Nat King Cole,1,Christmas jazz,United States,1946,11,1,"11,500.00",0.00,"389,771,964.00",140.00,72.00,251.00,0.00,0.00,,,5001-15000
8476304,Wonderful Christmastime - Edited Version / Remastered 2011,Paul McCartney,1,Christmas pop,United Kingdom,1979,11,16,"1,685.00",0.00,"403,939,487.00",1.00,0.00,29.00,0.00,0.00,,,0-5000
3891081,Do They Know It's Christmas? - 1984 Version,Band Aid,1,Christmas pop,United Kingdom,1984,11,25,"14,169.00",0.00,"481,697,415.00",209.00,30.00,449.00,0.00,0.00,,,5001-15000
5179092,Ghost in the Machine (feat. Phoebe Bridgers),"SZA, Phoebe Bridgers",2,R&B,United States,2022,12,9,"1,634.00",0.00,"110,073,250.00",16.00,20.00,4.00,0.00,0.00,,,0-5000
4611820,Special,SZA,1,R&B,United States,2022,12,9,906.00,0.00,"88,092,256.00",6.00,21.00,3.00,0.00,0.00,,,0-5000
4738813,Merry Christmas Everyone,Shakin' Stevens,1,Christmas pop,United Kingdom,1984,1,1,"1,087.00",0.00,"351,636,786.00",90.00,35.00,5.00,0.00,0.00,,,0-5000
8753775,Let It Snow! Let It Snow! Let It Snow!,"Frank Sinatra, B. Swanson Quartet",2,Christmas pop,United States,1950,1,1,"10,585.00",0.00,"473,248,298.00",126.00,108.00,406.00,0.00,0.00,,,5001-15000
7780139,SOS,SZA,1,R&B,United States,2022,12,9,827.00,0.00,"73,981,293.00",6.00,18.00,1.00,0.00,0.00,,,0-5000
7122267,Open Arms (feat. Travis Scott),"SZA, Travis Scott",2,R&B,United States,2022,12,8,"1,420.00",4.00,"155,653,938.00",13.00,87.00,17.00,0.00,46.00,,,0-5000
6909746,White Christmas,"Bing Crosby, John Scott Trotter & His Orchestra, Ken Darby Singers",3,Christmas traditional,United States,1942,1,1,"11,940.00",0.00,"395,591,396.00",73.00,79.00,123.00,0.00,0.00,,,5001-15000
6593931,Driving Home for Christmas - 2019 Remaster,Chris Rea,1,Christmas pop,United Kingdom,1986,1,1,888.00,0.00,"429,504,768.00",50.00,0.00,6.00,0.00,0.00,,,0-5000
3867590,Christmas (Baby Please Come Home),Darlene Love,1,Christmas rock,United States,1963,11,22,"9,122.00",0.00,"242,767,149.00",121.00,58.00,212.00,0.00,0.00,,,5001-15000
2070479,Gone Girl,SZA,1,R&B,United States,2022,12,9,892.00,0.00,"65,362,788.00",3.00,17.00,2.00,0.00,0.00,,,0-5000
4991676,F2F,SZA,1,Alternative rock,United States,2022,12,9,989.00,0.00,"67,540,165.00",5.00,9.00,1.00,0.00,0.00,,,0-5000
2628329,Notice Me,SZA,1,R&B,United States,2022,12,9,819.00,0.00,"62,019,074.00",14.00,22.00,0.00,0.00,0.00,,,0-5000
7387090,Merry Christmas,"Ed Sheeran, Elton John",2,Christmas pop,United Kingdom,2017,11,10,"2,209.00",0.00,"135,723,538.00",72.00,90.00,141.00,0.00,0.00,,,0-5000
1291434,It's Beginning to Look a Lot Like Christmas (with Mitchell Ayres & His Orchestra),"Perry Como, The Fontane Sisters, Mitchell Ayres & His Orchestra",3,Christmas pop,United States,1958,1,1,"6,290.00",0.00,"295,998,468.00",89.00,39.00,158.00,0.00,0.00,,,5001-15000
7699876,My Only Wish (This Year),Britney Spears,1,Christmas pop,United States,2000,11,7,"6,952.00",0.00,"261,116,938.00",115.00,53.00,286.00,0.00,0.00,,,5001-15000
3461405,Antidepresan,"Mabel Matiz, Mert Demir",2,Turkish pop,Turkey,2022,11,4,313.00,2.00,"136,689,549.00",10.00,6.00,7.00,1.00,9.00,,,0-5000
3305057,Wild Flower (with youjeen),RM,1,K-hip-hop,South Korea,2022,12,2,353.00,2.00,"135,611,421.00",2.00,74.00,14.00,0.00,2.00,,,0-5000
3782910,I Hate U,SZA,1,R&B,United States,2021,12,3,"4,094.00",0.00,"356,709,897.00",66.00,96.00,43.00,0.00,0.00,,,0-5000
8283550,Raindrops (Insane) [with Travis Scott],"Travis Scott, Metro Boomin",2,Trap,United States,2022,12,2,880.00,0.00,"110,649,992.00",3.00,7.00,10.00,0.00,0.00,,,0-5000
8173823,SPIT IN MY FACE!,ThxSoMch,1,Alternative hip-hop,Canada,2022,10,31,573.00,0.00,"301,869,854.00",1.00,0.00,18.00,0.00,24.00,,,0-5000
8167749,Deck The Hall - Remastered 1999,Nat King Cole,1,Christmas traditional,United States,1959,1,1,"3,299.00",0.00,"127,027,715.00",65.00,39.00,41.00,0.00,0.00,,,0-5000
7103818,Smoking on my Ex Pack,SZA,1,R&B,United States,2022,12,9,811.00,0.00,"57,144,458.00",6.00,11.00,3.00,0.00,0.00,,,0-5000
2587921,Conceited,SZA,1,R&B,United States,2022,12,9,899.00,0.00,"56,870,689.00",2.00,14.00,2.00,0.00,0.00,,,0-5000
5282587,Snow On The Beach (feat. Lana Del Rey),"Taylor Swift, Lana Del Rey",2,Dream pop,United States,2022,10,21,"2,415.00",0.00,"323,437,194.00",33.00,57.00,30.00,0.00,11.00,,,0-5000
2284105,Maroon,Taylor Swift,1,Pop,United States,2022,10,21,"2,304.00",0.00,"317,726,339.00",12.00,16.00,14.00,0.00,0.00,,,0-5000
1218742,Bejeweled,Taylor Swift,1,Pop,United States,2022,10,21,"2,699.00",0.00,"328,207,708.00",39.00,35.00,22.00,2.00,0.00,,,0-5000
4662762,Tarot,"Bad Bunny, Jhay Cortez",2,Reggaeton,Puerto Rico,2022,5,6,"2,482.00",20.00,"608,228,647.00",27.00,77.00,22.00,2.00,0.00,,,0-5000
2616615,You Make It Feel Like Christmas (feat. Blake Shelton),"Gwen Stefani, Blake Shelton",2,Christmas pop,United States,2005,9,20,"2,577.00",0.00,"180,577,478.00",108.00,56.00,30.00,0.00,0.00,,,0-5000
6879361,Desesperados,"Chencho Corleone, Rauw Alejandro",2,Reggaeton,Puerto Rico,2021,6,25,"6,821.00",34.00,"809,306,935.00",83.00,58.00,128.00,7.00,0.00,,,5001-15000
2678616,Too Late,SZA,1,R&B,United States,2022,12,8,714.00,0.00,"49,262,961.00",0.00,9.00,2.00,0.00,0.00,,,0-5000
3341212,Party,"Bad Bunny, Rauw Alejandro",2,Reggaeton,Puerto Rico,2022,5,6,"3,185.00",4.00,"614,555,082.00",38.00,64.00,37.00,3.00,36.00,,,0-5000
8597238,Run Rudolph Run - Single Version,Chuck Berry,1,Rock,United States,1958,1,1,"8,612.00",0.00,"245,350,949.00",120.00,30.00,52.00,0.00,1.00,,,5001-15000
3092002,Jingle Bells - Remastered 1999,Frank Sinatra,1,Christmas traditional,United States,1957,1,1,"4,326.00",0.00,"178,660,459.00",32.00,3.00,65.00,0.00,0.00,,,0-5000
5602322,Far,SZA,1,R&B,United States,2022,12,9,680.00,0.00,"51,641,685.00",2.00,15.00,1.00,0.00,0.00,,,0-5000
6143073,On Time (with John Legend),"John Legend, Metro Boomin",2,Hip-hop,United States,2022,12,2,398.00,0.00,"78,139,948.00",2.00,2.00,6.00,0.00,2.00,,,0-5000
7726159,Sacrifice,The Weeknd,1,Synth-pop,Canada,2022,1,7,"4,440.00",0.00,"326,792,833.00",81.00,77.00,133.00,0.00,,,,0-5000
4491971,Is There Someone Else?,The Weeknd,1,R&B,Canada,2022,1,7,"2,881.00",6.00,"391,251,368.00",13.00,89.00,34.00,0.00,3.00,,,0-5000
5380546,Fingers Crossed,"Lauren Spencer Smith, Lauren Spencer Smith, Lauren Spencer Smith",3,Pop,Canada,2022,1,5,"2,235.00",0.00,"349,585,590.00",65.00,7.00,70.00,16.00,6.00,,,0-5000
7853001,Out of Time,The Weeknd,1,Synth-pop,Canada,2022,1,7,"3,711.00",0.00,"339,659,802.00",49.00,88.00,62.00,0.00,,,,0-5000
6984128,Do It To It,"Cherish, ACRAZE",2,House,United States,2021,8,20,"12,403.00",0.00,"674,772,936.00",183.00,63.00,465.00,0.00,11.00,,,5001-15000
7235348,We Don't Talk About Bruno,"Adassa, Mauro Castillo, Stephanie Beatriz, Encanto - Cast, Rhenzy Feliz, Diane Guerrero, Carolina Gaitan",7,Latin pop,United States,2021,11,19,"2,785.00",0.00,"432,719,968.00",95.00,89.00,44.00,0.00,,,,0-5000
4365318,Pepas,Farruko,1,Reggaeton,Puerto Rico,2021,6,24,"14,114.00",17.00,"1,309,887,447.00",252.00,109.00,965.00,20.00,,,,5001-15000
4501584,How Do I Make You Love Me?,The Weeknd,1,Synth-pop,Canada,2022,1,7,"1,915.00",0.00,"119,238,316.00",7.00,47.00,15.00,0.00,0.00,,,0-5000
6131592,Gasoline,The Weeknd,1,Synth-pop,Canada,2022,1,7,"2,297.00",0.00,"116,903,579.00",11.00,29.00,14.00,0.00,0.00,,,0-5000
8186517,Infinity,Jaymes Young,1,Indie pop,United States,2017,6,23,"4,375.00",0.00,"888,046,992.00",24.00,0.00,396.00,0.00,0.00,,,0-5000
5426643,Less Than Zero,The Weeknd,1,Synth-pop,Canada,2022,1,7,"2,800.00",0.00,"200,660,871.00",18.00,77.00,61.00,0.00,1.00,,,0-5000
1119309,Take My Breath,The Weeknd,1,Synth-pop,Canada,2021,8,6,"2,597.00",0.00,"130,655,803.00",17.00,80.00,38.00,0.00,0.00,,,0-5000
6554843,good 4 u,Olivia Rodrigo,1,Pop punk,United States,2021,5,14,"15,563.00",6.00,"1,887,039,593.00",259.00,55.00,461.00,1.00,,,,15001+
6386843,Best Friends,The Weeknd,1,R&B,Canada,2022,1,7,"1,292.00",0.00,"101,114,984.00",3.00,18.00,14.00,0.00,0.00,,,0-5000
8360758,Kiss Me More (feat. SZA),"SZA, Doja Cat",2,Pop,United States,2021,4,9,"15,867.00",0.00,"1,575,467,011.00",382.00,65.00,497.00,0.00,12.00,,,15001+
7432867,I Heard You're Married (feat. Lil Wayne),"The Weeknd, Lil Wayne",2,R&B,Canada,2022,1,7,"1,178.00",0.00,"91,656,026.00",9.00,10.00,9.00,0.00,0.00,,,0-5000
8480431,Need To Know,Doja Cat,1,Pop rap,United States,2021,6,11,"6,672.00",0.00,"1,042,568,408.00",125.00,36.00,150.00,0.00,,,,5001-15000
7748090,MONTERO (Call Me By Your Name),Lil Nas X,1,Pop rap,United States,2020,9,18,"12,329.00",0.00,"1,735,441,776.00",275.00,19.00,738.00,0.00,,,,5001-15000
2468710,love nwantiti (ah ah ah),Ckay,1,Afrobeats,Nigeria,2019,7,26,"5,669.00",2.00,"726,837,877.00",74.00,0.00,262.00,14.00,,,,5001-15000
7175350,Dawn FM,The Weeknd,1,Synth-pop,Canada,2022,1,7,811.00,0.00,"53,933,526.00",1.00,8.00,6.00,0.00,0.00,,,0-5000
4923571,Surface Pressure,Jessica Darrow,1,Musical,United States,2021,11,19,"1,756.00",0.00,"267,758,538.00",38.00,48.00,20.00,0.00,0.00,,,0-5000
2717112,Starry Eyes,The Weeknd,1,Synth-pop,Canada,2022,1,7,"1,014.00",0.00,"74,601,456.00",1.00,17.00,11.00,0.00,0.00,,,0-5000
2636311,THATS WHAT I WANT,Lil Nas X,1,Pop,United States,2021,9,17,"7,963.00",0.00,"920,797,189.00",173.00,7.00,298.00,0.00,4.00,,,5001-15000
7068825,One Right Now (with The Weeknd),"The Weeknd, Post Malone",2,Pop rap,United States,2021,11,5,"4,771.00",0.00,"539,595,276.00",68.00,18.00,75.00,0.00,1.00,,,0-5000
8672552,Mon Amour - Remix,"Aitana, zzoilo",2,Latin pop,Spain,2020,9,21,"3,221.00",2.00,"578,207,856.00",67.00,13.00,139.00,0.00,40.00,,,0-5000
8990379,Lo Siento BB:/ (with Bad Bunny & Julieta Venegas),"Julieta Venegas, Bad Bunny, Tainy",3,Reggaeton,Puerto Rico,2021,10,5,"3,423.00",26.00,"775,542,072.00",61.00,65.00,53.00,6.00,0.00,,,0-5000
2320654,MONEY,Lisa,1,K-pop,Thailand,2021,9,10,"2,566.00",13.00,"863,625,566.00",44.00,109.00,131.00,0.00,,,,0-5000
5737293,Happier Than Ever,Billie Eilish,1,Alternative pop,United States,2021,7,30,"8,476.00",0.00,"1,056,760,045.00",138.00,133.00,283.00,0.00,,,,5001-15000
7368008,Moth To A Flame (with The Weeknd),"The Weeknd, Swedish House Mafia",2,House,Sweden,2021,10,22,"7,495.00",17.00,"611,994,237.00",114.00,172.00,284.00,2.00,,,,5001-15000
1198357,traitor,"Juan Cruz Toledo, Huilen Toledo",2,Pop,United States,2021,5,21,"5,257.00",6.00,"1,230,855,859.00",85.00,43.00,134.00,0.00,,,,5001-15000
1266830,Toxic,BoyWithUke,1,Indie pop,United States,2021,9,10,"1,795.00",0.00,"582,981,380.00",34.00,23.00,118.00,0.00,,,,0-5000
5750956,drivers license,Olivia Rodrigo,1,Pop,United States,2021,1,8,"12,685.00",3.00,"1,858,144,199.00",185.00,61.00,485.00,0.00,,,,5001-15000
6719600,All Too Well (10 Minute Version) (Taylor's Version) (From The Vault),Taylor Swift,1,Indie folk,United States,2021,11,12,"4,635.00",5.00,"583,687,007.00",50.00,49.00,30.00,1.00,2.00,,,0-5000
2820520,Oh My God,Adele,1,Pop,United Kingdom,2021,11,19,"4,431.00",0.00,"466,214,729.00",105.00,7.00,199.00,0.00,0.00,,,0-5000
8941056,Entre Nosotros (Remix) [con Nicki Nicole],"Lit Killah, Maria Becerra, Tiago pzk, NICKI NICOLE",4,Latin trap,Argentina,2022,1,5,759.00,3.00,"236,940,480.00",32.00,0.00,12.00,0.00,0.00,,,0-5000
3355993,A Tale By Quincy,The Weeknd,1,Spoken word,Canada,2022,1,7,733.00,0.00,"41,924,466.00",0.00,2.00,2.00,0.00,0.00,,,0-5000
5311211,I AM WOMAN,Emmy Meli,1,Pop,United States,2021,11,18,"2,795.00",0.00,"225,259,194.00",45.00,0.00,107.00,0.00,0.00,,,0-5000
4923214,It'll Be Okay,Shawn Mendes,1,Pop,Canada,2021,12,1,"1,950.00",0.00,"287,201,015.00",56.00,8.00,104.00,0.00,10.00,,,0-5000
1471634,Softcore,The Neighbourhood,1,Alternative,United States,2018,3,9,"3,947.00",12.00,"599,770,206.00",33.00,102.00,93.00,0.00,30.00,,,0-5000
2106751,Super Gremlin,Kodak Black,1,Heavy metal,United States,2021,10,30,"2,551.00",0.00,"342,779,426.00",52.00,15.00,35.00,0.00,1.00,,,0-5000
6721865,Todo De Ti,Rauw Alejandro,1,Latin pop,Puerto Rico,2020,11,2,"11,975.00",8.00,"1,168,642,797.00",188.00,75.00,268.00,6.00,16.00,,,5001-15000
8725160,Love Nwantiti - Remix,"Ckay, AX'EL, Dj Yo!",3,Afrobeats,Nigeria,2019,8,30,"2,696.00",,"540,539,717.00",42.00,2.00,57.00,0.00,,,,0-5000
4439384,Smokin Out The Window,"Bruno Mars, Anderson .Paak, Silk Sonic",3,Soul,United States,2021,11,5,"4,963.00",,"383,550,148.00",63.00,40.00,76.00,0.00,0.00,,,0-5000
2079388,Meet Me At Our Spot,"THE ANXIETY, Willow, Tyler Cole",3,Alternative R&B,United States,2020,3,13,"6,734.00",,"530,511,203.00",47.00,14.00,90.00,0.00,1.00,,,5001-15000
1297061,Every Angel is Terrifying,The Weeknd,1,Synth-pop,Canada,2022,1,7,715.00,,"37,307,967.00",0.00,1.00,2.00,0.00,0.00,,,0-5000
4421880,Tacones Rojos,Sebastian Yatra,1,Latin pop,Colombia,2021,10,22,"3,047.00",9.00,"510,876,816.00",77.00,31.00,85.00,5.00,28.00,,,0-5000
3252166,Peaches (feat. Daniel Caesar & Giveon),"Justin Bieber, Daniel Caesar, Giveon",3,R&B,Canada,2021,3,19,"14,140.00",0.00,"1,445,941,661.00",231.00,52.00,612.00,6.00,,,,5001-15000
3574464,Dakiti,"Bad Bunny, Jhay Cortez",2,Reggaeton,Puerto Rico,2020,10,30,"11,215.00",21.00,"1,763,363,713.00",189.00,166.00,525.00,9.00,25.00,,,5001-15000
3885692,"Tiago PZK: Bzrp Music Sessions, Vol. 48","Bizarrap, Tiago pzk",2,Latin trap,Argentina,2021,12,29,"1,678.00",12.00,"374,191,487.00",20.00,4.00,15.00,1.00,3.00,,,0-5000
4727736,Better Days (NEIKED x Mae Muller x Polo G),"NEIKED, Mae Muller, Polo G",3,Pop,Sweden,2021,9,24,"4,091.00",0.00,"421,040,617.00",105.00,2.00,73.00,13.00,1.00,,,0-5000
8056641,Life Goes On,Oliver Tree,1,Alternative pop,United States,2020,7,17,"2,868.00",0.00,"501,541,661.00",43.00,15.00,116.00,0.00,,,,0-5000
6575753,Sad Girlz Luv Money Remix (feat. Kali Uchis),"Kali Uchis, Amaarae, Moliy",3,Afrobeats,Ghana,2021,9,16,"3,643.00",0.00,"354,065,229.00",69.00,3.00,70.00,0.00,3.00,,,0-5000
8452012,Butter,BTS,1,K-pop,South Korea,2021,5,21,"4,779.00",6.00,"1,143,647,827.00",180.00,135.00,223.00,0.00,5.00,,,0-5000
1582892,pushin P (feat. Young Thug),"Young Thug, Future, Gunna",3,Trap,United States,2022,1,7,"3,517.00",0.00,"311,395,144.00",54.00,28.00,43.00,0.00,0.00,,,0-5000
4967426,You Right,"Doja Cat, The Weeknd",2,R&B,United States,2021,6,24,"5,073.00",0.00,"672,656,250.00",83.00,9.00,100.00,0.00,4.00,,,5001-15000
1289598,deja vu,Olivia Rodrigo,1,Pop rock,United States,2021,4,1,"7,545.00",4.00,"1,256,880,657.00",117.00,39.00,141.00,0.00,46.00,,,5001-15000
3745752,Dynamite,BTS,1,K-pop,South Korea,2020,8,21,"8,528.00",5.00,"1,692,897,992.00",239.00,163.00,583.00,0.00,,,,5001-15000
8333879,TO THE MOON,Jnr Choi,1,Trap,United Kingdom,2021,11,5,"2,979.00",0.00,"245,095,641.00",44.00,0.00,159.00,0.00,0.00,,,0-5000
6002262,Lost in the Fire,"The Weeknd, Gesaffelstein",2,Synth-pop,Canada,2019,1,11,"7,731.00",2.00,"686,734,357.00",110.00,145.00,447.00,0.00,46.00,,,5001-15000
5334385,Salimo de Noche,"Trueno, Tiago pzk",2,Latin trap,Argentina,2021,10,21,"1,057.00",0.00,"261,414,174.00",17.00,5.00,21.00,0.00,0.00,,,0-5000
2011518,Volando - Remix,"Sech, Bad Bunny, Mora",3,Reggaeton,Panama,2021,7,8,"3,272.00",19.00,"610,045,621.00",101.00,34.00,70.00,1.00,2.00,,,0-5000
7345306,Leave The Door Open,"Bruno Mars, Anderson .Paak, Silk Sonic",3,Soul,United States,2021,3,5,"14,417.00",0.00,"1,115,880,852.00",237.00,123.00,569.00,0.00,10.00,,,5001-15000
4666772,Knife Talk (with 21 Savage ft. Project Pat),"Drake, Project Pat, 21 Savage",3,Hip-hop,Canada,2021,9,3,"5,199.00",0.00,"594,482,982.00",45.00,43.00,45.00,0.00,3.00,,,5001-15000
3559931,The Family Madrigal,"Olga Merediz, Stephanie Beatriz, Encanto - Cast",3,Musical,United States,2021,11,19,"1,150.00",0.00,"184,937,148.00",20.00,38.00,12.00,0.00,0.00,,,0-5000
7332091,Phantom Regret by Jim,The Weeknd,1,Spoken word,Canada,2022,1,7,768.00,0.00,"31,959,571.00",1.00,1.00,3.00,0.00,0.00,,,0-5000
7423770,Dos Oruguitas,Sebastian Yatra,1,Latin pop,Colombia,2021,11,19,925.00,0.00,"167,076,418.00",24.00,47.00,74.00,0.00,0.00,,,0-5000
7435337,Freaks,Surf Curse,1,Indie rock,United States,2015,5,10,"3,006.00",3.00,"824,420,218.00",23.00,21.00,121.00,0.00,13.00,,,0-5000
2439081,Acapulco,Jason Derulo,1,Pop,United States,2021,9,1,"3,098.00",0.00,"363,467,642.00",111.00,5.00,182.00,1.00,0.00,,,0-5000
2634614,Daddy Issues,The Neighbourhood,1,Alternative rock,United States,2015,10,30,"9,771.00",4.00,"1,127,468,248.00",42.00,70.00,384.00,0.00,3.00,,,5001-15000
4464368,thought i was playing,"21 Savage, Gunna",2,Trap,United States,2022,1,7,807.00,0.00,"60,680,939.00",3.00,0.00,5.00,0.00,0.00,,,0-5000
1640645,ELEVEN,IVE,1,K-pop,South Korea,2021,12,1,521.00,1.00,"247,737,946.00",17.00,89.00,11.00,0.00,0.00,,,0-5000
1839223,Mood (feat. Iann Dior),"24kgoldn, Iann Dior",2,Pop rap,United States,2020,7,24,"12,854.00",0.00,"1,699,402,402.00",237.00,27.00,636.00,0.00,,,,5001-15000
3657141,What Else Can I Do?,"Stephanie Beatriz, Diane Guerrero",2,Musical,United States,2021,11,19,802.00,0.00,"154,797,871.00",13.00,27.00,8.00,0.00,0.00,,,0-5000
2726514,DANCE CRIP,Trueno,1,Argentine trap,Argentina,2021,11,17,731.00,0.00,"198,883,004.00",14.00,14.00,24.00,0.00,4.00,,,0-5000
8715137,Miserable Man,David Kushner,1,Indie pop,United States,2022,1,7,788.00,0.00,"124,407,432.00",13.00,0.00,32.00,1.00,0.00,,,0-5000
7403072,happier,Olivia Rodrigo,1,Pop,United States,2021,5,21,"3,069.00",4.00,"850,608,354.00",25.00,46.00,105.00,0.00,45.00,,,0-5000
2542321,Praise God,Kanye West,1,Heavy metal,United States,2021,8,29,"4,651.00",0.00,"376,333,030.00",24.00,6.00,105.00,0.00,0.00,,,0-5000
5085460,Get Into It (Yuh),Doja Cat,1,Pop rap,United States,2021,6,25,"4,999.00",0.00,"516,784,627.00",43.00,19.00,73.00,12.00,0.00,,,0-5000
6163158,Before You Go,Lewis Capaldi,1,Pop,United Kingdom,2019,11,1,"8,327.00",24.00,"1,608,045,237.00",205.00,130.00,625.00,0.00,25.00,,,5001-15000
3023667,Sky,Playboi Carti,1,Trap,United States,2020,12,25,"3,297.00",3.00,"506,778,838.00",25.00,3.00,52.00,0.00,1.00,,,0-5000
2237089,Rolling in the Deep,Adele,1,Pop,United Kingdom,2010,11,29,"35,684.00",6.00,"1,472,799,873.00",195.00,125.00,"6,280.00",2.00,78.00,,,15001+
3386819,Sobrio,Maluma,1,Reggaeton,Colombia,2021,7,8,"3,506.00",10.00,"513,643,924.00",103.00,76.00,100.00,1.00,1.00,,,0-5000
5930788,Peru,"Ed Sheeran, Fireboy DML",2,Afrobeats,Nigeria,2021,12,23,"2,999.00",0.00,"261,286,503.00",60.00,17.00,154.00,0.00,22.00,,,0-5000
8096695,favorite crime,Olivia Rodrigo,1,Indie pop,United States,2021,5,21,"3,681.00",0.00,"783,706,581.00",20.00,21.00,99.00,0.00,7.00,,,0-5000
3393833,Thunder,"Prezioso, Gabry Ponte, LUM!X",3,Dance,Italy,2021,5,7,"4,846.00",10.00,"422,691,058.00",54.00,16.00,259.00,0.00,13.00,,,0-5000
7298366,positions,Ariana Grande,1,R&B,United States,2020,10,23,"8,207.00",0.00,"1,252,563,873.00",175.00,55.00,95.00,0.00,2.00,,,5001-15000
8744804,The Feels,TWICE,1,K-pop,South Korea,2021,10,1,"1,150.00",0.00,"345,903,614.00",20.00,99.00,44.00,0.00,2.00,,,0-5000
6261319,HEARTBREAK ANNIVERSARY,Giveon,1,R&B,United States,2020,2,21,"5,398.00",4.00,"951,637,566.00",111.00,127.00,210.00,0.00,37.00,,,5001-15000
3612400,No Lie,"Sean Paul, Dua Lipa",2,Dancehall,Jamaica,2016,11,18,"7,370.00",0.00,"956,865,266.00",92.00,127.00,"1,219.00",0.00,62.00,,,5001-15000
1513475,OUT OUT (feat. Charli XCX & Saweetie),"Charli XCX, Jax Jones, Joel Corry, Saweetie",4,Dance,United Kingdom,2021,8,13,"6,890.00",0.00,"427,486,004.00",122.00,11.00,201.00,0.00,1.00,,,5001-15000
3872585,Pope Is a Rockstar,SALES,1,Indie pop,United States,2016,4,20,"1,966.00",0.00,"156,658,366.00",4.00,2.00,50.00,0.00,0.00,,,0-5000
4131863,Bored,Billie Eilish,1,Indie pop,United States,2017,3,30,"4,204.00",0.00,"777,765,388.00",39.00,45.00,250.00,0.00,0.00,,,0-5000
4782067,Happier Than Ever - Edit,Billie Eilish,1,Alternative pop,United States,2021,7,28,"1,959.00",0.00,"412,795,151.00",19.00,0.00,38.00,0.00,0.00,,,0-5000
6047703,Astronaut In The Ocean,Masked Wolf,1,Heavy metal,Australia,2019,1,1,"7,191.00",0.00,"1,138,474,110.00",146.00,18.00,478.00,0.00,7.00,,,5001-15000
4102590,Ley Seca,"Anuel Aa, Jhay Cortez",2,Reggaeton,Puerto Rico,2021,9,2,"2,012.00",0.00,"355,219,175.00",101.00,12.00,38.00,0.00,0.00,,,0-5000
2643038,Every Summertime,NIKI,1,R&B,Indonesia,2021,8,10,"1,211.00",2.00,"290,228,626.00",30.00,2.00,5.00,0.00,6.00,,,0-5000
5046895,Talking To The Moon,Bruno Mars,1,Pop,United States,2010,10,4,"7,109.00",2.00,"1,062,956,628.00",5.00,0.00,862.00,0.00,0.00,,,5001-15000
2602763,you broke me first,Tate McRae,1,Pop,Canada,2020,4,17,"6,638.00",0.00,"1,180,094,974.00",167.00,19.00,318.00,0.00,1.00,,,5001-15000
7456153,The Nights,Avicii,1,EDM,Sweden,2014,1,1,"17,354.00",8.00,"1,456,081,449.00",92.00,122.00,"1,282.00",0.00,55.00,,,15001+
4586215,Take My Breath,The Weeknd,1,Synth-pop,Canada,2021,8,6,"6,392.00",0.00,"432,702,334.00",174.00,73.00,344.00,0.00,0.00,,,5001-15000
6195210,Way 2 Sexy (with Future & Young Thug),"Drake, Future, Young Thug",3,Heavy metal,Canada,2021,9,3,"5,481.00",0.00,"489,945,871.00",144.00,30.00,86.00,0.00,0.00,,,5001-15000
1367281,Enemy - from the series Arcane League of Legends,"Imagine Dragons, League of Legends, Arcane",3,Pop rock,United States,2021,10,27,824.00,0.00,"1,223,481,149.00",8.00,8.00,8.00,2.00,0.00,,,0-5000
2969661,Dance Monkey,Tones and I,1,Pop,Australia,2019,5,10,"24,529.00",0.00,"2,864,791,672.00",533.00,167.00,"3,595.00",6.00,,,,15001+
8949659,Lucid Dreams,Juice WRLD,1,Emo rap,United States,2017,6,15,"14,749.00",0.00,"2,288,695,111.00",188.00,34.00,710.00,0.00,5.00,,,5001-15000
4152167,All of Me,John Legend,1,R&B,United States,2013,8,1,"27,221.00",0.00,"2,086,124,197.00",308.00,118.00,"4,534.00",2.00,77.00,,,15001+
5615333,Smells Like Teen Spirit - Remastered 2021,Nirvana,1,Main genre,United States,1991,9,10,"49,991.00",9.00,"1,690,192,927.00",265.00,121.00,"12,367.00",4.00,160.00,,,15001+
6181977,Arcade,Duncan Laurence,1,Pop,Netherlands,2019,3,7,"6,646.00",0.00,"991,336,132.00",107.00,47.00,584.00,1.00,,,,5001-15000
6599493,Fair Trade (with Travis Scott),"Drake, Travis Scott",2,Heavy metal,Canada,2021,9,3,"5,403.00",6.00,"593,917,618.00",118.00,116.00,96.00,0.00,3.00,,,5001-15000
2582262,Bar,"Tini, L-Gante",2,Cumbia,Argentina,2021,11,11,755.00,4.00,"200,972,675.00",22.00,3.00,0.00,0.00,0.00,,,0-5000
5922471,The Rumbling (TV Size),SiM,1,J-rock,Japan,2022,1,10,254.00,0.00,"71,014,967.00",0.00,4.00,23.00,0.00,0.00,,,0-5000
5406019,family ties (with Kendrick Lamar),"Kendrick Lamar, Baby Keem",2,Heavy metal,United States,2021,8,27,"6,308.00",5.00,"560,222,750.00",114.00,15.00,63.00,0.00,2.00,,,5001-15000
1512850,Mr. Brightside,The Killers,1,Indie rock,United States,2003,9,23,"51,979.00",15.00,"1,806,617,704.00",306.00,99.00,"5,063.00",2.00,120.00,,,15001+
7822780,Blessed-Cursed,ENHYPEN,1,K-pop,South Korea,2022,1,10,246.00,0.00,"77,337,771.00",2.00,12.00,10.00,0.00,0.00,,,0-5000
8454029,AM Remix,"J Balvin, Nio Garcia, Bad Bunny",3,Reggaeton,Puerto Rico,2021,6,24,"6,556.00",0.00,"528,544,703.00",93.00,5.00,67.00,1.00,0.00,,,5001-15000
2092930,Streets,Doja Cat,1,R&B,United States,2019,11,7,"5,728.00",0.00,"865,640,097.00",85.00,87.00,179.00,0.00,12.00,,,5001-15000
5074676,Shallow,"Lady Gaga, Bradley Cooper",2,Pop,United States,2018,9,27,"16,636.00",12.00,"2,159,346,687.00",368.00,155.00,"2,854.00",6.00,121.00,,,15001+
4064553,Polaroid Love,ENHYPEN,1,K-pop,South Korea,2022,1,10,461.00,0.00,"211,372,494.00",10.00,56.00,17.00,0.00,0.00,,,0-5000
2346155,Leave Before You Love Me (with Jonas Brothers),"Marshmello, Jonas Brothers",2,Pop,United States,2021,4,28,"4,893.00",4.00,"651,732,901.00",143.00,24.00,110.00,0.00,70.00,,,0-5000
5459112,Permission to Dance,BTS,1,K-pop,South Korea,2021,7,9,"1,801.00",2.00,"608,334,048.00",77.00,134.00,74.00,0.00,2.00,,,0-5000
7271843,Friday (feat. Mufasa & Hypeman) - Dopamine Re-Edit,"Riton, Nightcrawlers, Mufasa & Hypeman, Dopamine",4,House,United Kingdom,2021,1,15,"12,043.00",0.00,"863,756,573.00",209.00,54.00,710.00,0.00,18.00,,,5001-15000
5347552,RAPSTAR,Polo G,1,Heavy metal,United States,2021,4,9,"4,731.00",0.00,"797,402,345.00",141.00,12.00,78.00,0.00,0.00,,,0-5000
1486311,Till I Collapse,"Eminem, Nate Dogg",2,Heavy metal,United States,2002,5,26,"22,923.00",0.00,"1,695,712,020.00",78.00,46.00,"2,515.00",1.00,0.00,,,15001+
2635416,Memories,Maroon 5,1,Pop,United States,2019,9,20,"9,974.00",2.00,"1,759,567,999.00",272.00,67.00,"1,066.00",1.00,19.00,,,5001-15000
6457168,25k jacket (feat. Lil Baby),"Gunna, Lil Baby",2,Trap,United States,2022,1,7,620.00,0.00,"54,937,991.00",17.00,3.00,3.00,0.00,0.00,,,0-5000
2838411,MAMIII,"Karol G, Becky G",2,Reggaeton,Colombia,2022,2,10,"6,809.00",28.00,"716,591,492.00",151.00,102.00,175.00,5.00,29.00,,,5001-15000
2285737,Still D.R.E.,"Dr. Dre, Snoop Dogg",2,Heavy metal,United States,1999,1,1,"33,966.00",0.00,"1,210,599,487.00",141.00,78.00,"6,591.00",1.00,0.00,,,15001+
1461831,Stay Alive (Prod. SUGA of BTS),Jung Kook,1,K-pop,South Korea,2022,2,11,590.00,5.00,"246,376,690.00",4.00,113.00,20.00,0.00,1.00,,,0-5000
1906058,Boyfriend,Dove Cameron,1,Pop,United States,2022,2,11,"3,766.00",0.00,"496,311,364.00",76.00,0.00,102.00,0.00,2.00,,,0-5000
1130135,The Joker And The Queen (feat. Taylor Swift),"Ed Sheeran, Taylor Swift",2,Pop,United Kingdom,2022,2,11,"1,430.00",0.00,"146,789,379.00",46.00,1.00,34.00,0.00,0.00,,,0-5000
3333614,The Next Episode,"Dr. Dre, Snoop Dogg",2,Heavy metal,United States,1999,1,1,"31,762.00",0.00,"843,309,044.00",142.00,40.00,"5,451.00",1.00,953.00,,,15001+
7120733,Light Switch,Charlie Puth,1,Pop,United States,2022,1,19,"4,049.00",0.00,"500,340,342.00",119.00,6.00,85.00,1.00,1.00,,,0-5000
1336403,City of Gods,"Kanye West, Alicia Keys, Fivio Foreign",3,Heavy metal,United States,2022,2,11,"2,096.00",0.00,"107,255,472.00",34.00,3.00,30.00,0.00,0.00,,,0-5000
6554322,Brividi,"Mahmood, Blanco",2,Pop,Italy,2022,2,2,"1,175.00",0.00,"135,079,152.00",34.00,1.00,31.00,0.00,0.00,,,0-5000
3115886,Lost,Frank Ocean,1,R&B,United States,2012,1,1,"29,499.00",11.00,"822,239,726.00",124.00,27.00,587.00,0.00,4.00,,,15001+
4918126,In Da Club,50 Cent,1,Heavy metal,United States,2002,1,1,"30,427.00",7.00,"1,202,722,675.00",235.00,106.00,"5,221.00",1.00,35.00,,,15001+
1159428,she's all i wanna be,Tate McRae,1,Pop rock,Canada,2022,2,4,"2,711.00",0.00,"343,197,054.00",105.00,12.00,51.00,0.00,12.00,,,0-5000
8126826,Ginseng Strip 2002,Yung Lean,1,Cloud rap,Sweden,2013,8,16,"4,310.00",0.00,"240,769,997.00",13.00,0.00,113.00,1.00,3.00,,,0-5000
6792432,All For Us - from the HBO Original Series Euphoria,"Labrinth, Zendaya",2,Alternative R&B,United Kingdom,2019,8,4,"5,342.00",0.00,"426,204,830.00",33.00,123.00,7.00,0.00,4.00,,,5001-15000
1992045,Notion,The Rare Occasions,1,Indie rock,United States,2016,8,5,"2,393.00",0.00,"421,135,627.00",22.00,13.00,65.00,0.00,6.00,,,0-5000
8290102,Formula,Labrinth,1,Electronic,United Kingdom,2019,10,4,"3,444.00",7.00,"554,875,730.00",24.00,85.00,102.00,0.00,1.00,,,0-5000
7885122,Mount Everest,Labrinth,1,Electronic,United Kingdom,2019,6,21,"5,443.00",0.00,"467,727,006.00",45.00,1.00,80.00,0.00,12.00,,,5001-15000
2816072,Excuses,"Intense, AP Dhillon, Gurinder Gill",3,Punjabi pop,India,2020,7,24,272.00,4.00,"327,498,031.00",7.00,21.00,2.00,0.00,0.00,,,0-5000
7717973,Cigarettes,Juice WRLD,1,Emo rap,United States,2021,12,10,975.00,0.00,"185,408,548.00",11.00,0.00,10.00,0.00,0.00,,,0-5000
2828618,California Love - Original Version (Explicit),"Dr. Dre, 2Pac, Roger",3,Heavy metal,United States,1995,12,28,"18,773.00",0.00,"579,395,142.00",128.00,17.00,"1,663.00",0.00,0.00,,,15001+
3363172,Forgot About Dre,"Eminem, Dr. Dre",2,Heavy metal,United States,1999,1,1,"19,067.00",0.00,"675,039,469.00",78.00,15.00,"1,674.00",0.00,3.00,,,15001+
2761463,Down Under (feat. Colin Hay),"Luude, Colin Hay",2,Drum & Bass,Australia,2021,11,19,"3,541.00",2.00,"252,871,192.00",57.00,13.00,50.00,1.00,7.00,,,0-5000
2003358,Mujeriego,Ryan Castro,1,Reggaeton,Colombia,2021,12,17,"1,492.00",0.00,"231,996,128.00",44.00,63.00,91.00,0.00,24.00,,,0-5000
5223297,HUMBLE.,Kendrick Lamar,1,Heavy metal,United States,2017,3,30,"33,206.00",1.00,"1,929,770,265.00",284.00,114.00,"1,481.00",0.00,5.00,,,15001+
5694303,Stan,"Eminem, Dido",2,Heavy metal,United States,1999,11,21,"17,115.00",0.00,"918,915,401.00",83.00,63.00,"4,180.00",0.00,0.00,,,15001+
2744235,Contection,"GODZZ__-, Zakaria",2,Phonk,Russia,2020,1,16,"6,955.00",0.00,"1,180,896,317.00",65.00,45.00,398.00,0.00,1.00,,,5001-15000
1386091,Swim,Chase Atlantic,1,Alternative R&B,Australia,2017,10,4,"2,742.00",0.00,"498,960,285.00",5.00,1.00,62.00,0.00,0.00,,,0-5000
4974042,A Tu Merced,Bad Bunny,1,Reggaeton,Puerto Rico,2020,2,29,"4,214.00",11.00,"685,071,800.00",21.00,20.00,40.00,0.00,0.00,,,0-5000
3923724,Numb Little Bug,Em Beihold,1,Pop,United States,2022,1,28,"2,026.00",0.00,"258,714,692.00",47.00,3.00,42.00,12.00,6.00,,,0-5000
6213355,Bussin,"Nicki Minaj, Lil Baby",2,Hip-hop,United States,2022,2,11,847.00,0.00,"64,714,573.00",25.00,0.00,14.00,0.00,0.00,,,0-5000
3434265,Worst Day,Future,1,Trap,United States,2022,2,11,910.00,0.00,"50,746,620.00",20.00,3.00,24.00,0.00,0.00,,,0-5000
7298940,Hrs and Hrs,Muni Long,1,R&B,United States,2021,11,19,"1,800.00",0.00,"181,328,253.00",43.00,36.00,46.00,13.00,4.00,,,0-5000
6950436,Alien Blues,Vundabar,1,Indie rock,United States,2015,7,24,"1,930.00",0.00,"370,068,639.00",3.00,0.00,28.00,0.00,1.00,,,0-5000
3181974,Thinking Out Loud,Ed Sheeran,1,Pop,United Kingdom,2014,1,1,"33,032.00",0.00,"2,280,566,092.00",363.00,129.00,"3,895.00",0.00,28.00,,,15001+
1647722,Still Don't Know My Name,Labrinth,1,Alternative R&B,United Kingdom,2019,10,4,"6,332.00",0.00,"563,902,868.00",47.00,116.00,266.00,0.00,0.00,,,5001-15000
3521113,Christmas Tree,V,1,K-pop,South Korea,2021,12,24,509.00,9.00,"317,622,165.00",8.00,106.00,6.00,0.00,8.00,,,0-5000
2392756,When I R.I.P.,Labrinth,1,Alternative,United Kingdom,2019,10,4,"2,578.00",0.00,"203,680,270.00",8.00,67.00,66.00,0.00,0.00,,,0-5000
1338081,Do We Have A Problem?,"Nicki Minaj, Lil Baby",2,Heavy metal,United States,2022,2,4,"1,064.00",0.00,"81,350,745.00",42.00,1.00,26.00,0.00,0.00,,,0-5000
1050544,Forever,Labrinth,1,Electronic,United Kingdom,2019,10,4,"3,618.00",0.00,"282,883,169.00",21.00,86.00,138.00,0.00,2.00,,,0-5000
7165052,Gospel (with Eminem),"Eminem, Dr. Dre",2,Heavy metal,United States,2022,2,4,"1,040.00",0.00,"64,787,943.00",8.00,0.00,29.00,0.00,0.00,,,0-5000
1322961,NEW MAGIC WAND,"Tyler, The Creator",2,Heavy metal,United States,2019,5,16,"4,708.00",0.00,"461,437,791.00",13.00,7.00,55.00,0.00,1.00,,,0-5000
8483246,Adore You,Harry Styles,1,Pop,United Kingdom,2019,12,6,"13,454.00",1.00,"1,439,191,367.00",246.00,71.00,519.00,2.00,5.00,,,5001-15000
8134740,La Santa,"Daddy Yankee, Bad Bunny",2,Reggaeton,Puerto Rico,2020,2,29,"4,890.00",20.00,"759,208,783.00",52.00,42.00,100.00,0.00,0.00,,,0-5000
8217918,Something In The Way - Remastered 2021,Nirvana,1,Main genre,United States,1991,9,24,"9,514.00",0.00,"368,646,862.00",45.00,27.00,"1,197.00",0.00,43.00,,,5001-15000
1904497,Sweetest Pie,"Dua Lipa, Megan Thee Stallion",2,Pop rap,United Kingdom,2022,3,11,"3,501.00",0.00,"299,634,472.00",69.00,2.00,51.00,11.00,0.00,,,0-5000
7860258,Bam Bam (feat. Ed Sheeran),"Camila Cabello, Ed Sheeran",2,Latin pop,Cuba,2022,3,4,"6,111.00",4.00,"756,907,987.00",185.00,40.00,492.00,9.00,35.00,,,5001-15000
5145584,Envolver,Anitta,1,Brazilian funk,Brazil,2021,11,11,"4,673.00",2.00,"546,191,065.00",123.00,113.00,180.00,1.00,4.00,,,0-5000
5701355,Starlight,Dave,1,UK rap,United Kingdom,2022,3,3,"1,856.00",3.00,"229,473,310.00",29.00,40.00,31.00,1.00,1.00,,,0-5000
7700274,Hati-Hati di Jalan,Tulus,1,Pop,Indonesia,2022,3,3,200.00,2.00,"202,677,468.00",12.00,4.00,0.00,0.00,0.00,,,0-5000
4703367,"I'm Tired - From ""Euphoria"" An Original HBO Series",Labrinth,1,Alternative,United Kingdom,2022,2,4,"1,888.00",0.00,"121,913,181.00",26.00,1.00,58.00,0.00,0.00,,,0-5000
1840761,Yo Voy (feat. Daddy Yankee),Zion & Lennox,1,Reggaeton,Puerto Rico,2004,5,4,"2,954.00",2.00,"527,033,089.00",18.00,82.00,0.00,0.00,5.00,,,0-5000
4265182,"Residente: Bzrp Music Sessions, Vol. 49","Residente, Bizarrap",2,Latin rap,Puerto Rico,2022,3,3,461.00,0.00,"94,616,487.00",7.00,11.00,13.00,0.00,0.00,,,0-5000
3076130,Jordan,Ryan Castro,1,Reggaeton,Colombia,2021,4,30,"2,844.00",2.00,"394,030,335.00",29.00,2.00,35.00,1.00,0.00,,,0-5000
3371670,Nail Tech,Jack Harlow,1,Heavy metal,United States,2022,2,18,"2,939.00",0.00,"193,443,895.00",42.00,0.00,24.00,0.00,0.00,,,0-5000
5697442,DARARI,Treasure,1,K-pop,South Korea,2022,2,15,328.00,0.00,"182,978,249.00",10.00,21.00,7.00,0.00,9.00,,,0-5000
2153574,Ya No Somos Ni Seremos,Christian Nodal,1,Regional Mexican,Mexico,2022,2,18,866.00,16.00,"319,757,142.00",27.00,84.00,32.00,7.00,11.00,,,0-5000
4722538,Thinking with My Dick,"Kevin Gates, Juicy J",2,Heavy metal,United States,2013,7,16,"1,550.00",0.00,"109,091,573.00",0.00,0.00,14.00,0.00,0.00,,,0-5000
2762640,Freaky Deaky,"Tyga, Doja Cat",2,Heavy metal,United States,2022,2,25,"1,729.00",0.00,"153,240,879.00",26.00,1.00,19.00,0.00,0.00,,,0-5000
4551026,this is what falling in love feels like,JVKE,1,Pop,United States,2021,9,3,"2,005.00",0.00,"346,127,840.00",16.00,5.00,43.00,0.00,7.00,,,0-5000
3775590,La Zona,Bad Bunny,1,Reggaeton,Puerto Rico,2020,2,29,"1,188.00",0.00,"312,622,938.00",13.00,1.00,15.00,0.00,1.00,,,0-5000
3739389,Bohemian Rhapsody - Remastered 2011,Queen,1,Rock,United Kingdom,1975,10,31,"40,112.00",3.00,"2,197,010,679.00",321.00,162.00,"5,691.00",8.00,17.00,,,15001+
6824324,Hope,XXXTENTACION,1,Emo rap,United States,2018,3,16,"3,659.00",0.00,"1,200,808,494.00",11.00,10.00,267.00,0.00,7.00,,,0-5000
5370460,Levitating,Dua Lipa,1,Pop,United Kingdom,2020,3,27,"9,833.00",0.00,"797,196,073.00",233.00,82.00,531.00,1.00,1.00,,,5001-15000
7405938,Wake Me Up - Radio Edit,Avicii,1,EDM,Sweden,2013,1,1,"50,887.00",34.00,"1,970,673,297.00",315.00,160.00,"6,284.00",1.00,46.00,,,15001+
8835305,"jealousy, jealousy",Olivia Rodrigo,1,Pop rock,United States,2021,5,21,"3,257.00",0.00,"665,765,558.00",10.00,0.00,70.00,0.00,0.00,,,0-5000
5355322,Demasiadas Mujeres,C. Tangana,1,Latin rap,Spain,2020,10,8,"2,226.00",0.00,"339,473,453.00",36.00,2.00,11.00,0.00,14.00,,,0-5000
6523480,Something Just Like This,"The Chainsmokers, Coldplay",2,EDM,United States,2017,2,22,"23,375.00",21.00,"2,204,080,728.00",336.00,188.00,"2,692.00",3.00,30.00,,,15001+
5831523,Closer,"The Chainsmokers, Halsey",2,EDM,United States,2016,5,31,"28,032.00",0.00,"2,591,224,264.00",315.00,159.00,"2,179.00",0.00,44.00,,,15001+
2166249,O.O,NMIXX,1,K-pop,South Korea,2022,2,22,290.00,0.00,"135,444,283.00",9.00,66.00,10.00,0.00,0.00,,,0-5000
3780370,Somebody That I Used To Know,"Gotye, Kimbra",2,Indie pop,Australia,2011,1,1,"42,798.00",0.00,"1,457,139,296.00",217.00,136.00,"6,508.00",1.00,,,,15001+
2748330,Tom's Diner,"AnnenMayKantereit, Giant Rooks",2,Indie pop,Germany,2019,6,28,"2,605.00",0.00,"236,872,197.00",15.00,48.00,50.00,0.00,3.00,,,0-5000
5663428,First Class,Jack Harlow,1,Heavy metal,United States,2022,4,8,"8,737.00",0.00,"694,525,298.00",163.00,32.00,137.00,15.00,12.00,,,5001-15000
6009839,Plan A,Paulo Londra,1,Latin trap,Argentina,2022,3,23,"1,105.00",0.00,"240,661,097.00",32.00,0.00,19.00,0.00,0.00,,,0-5000
7724259,Fuera del mercado,Danny Ocean,1,Latin pop,Venezuela,2022,2,17,"2,499.00",21.00,"421,365,166.00",68.00,24.00,43.00,1.00,0.00,,,0-5000
4518298,When You're Gone,Shawn Mendes,1,Pop,Canada,2022,3,31,"2,092.00",0.00,"255,120,451.00",75.00,11.00,44.00,0.00,14.00,,,0-5000
5191929,In My Head,Lil Tjay,1,Heavy metal,United States,2022,4,1,"1,185.00",0.00,"190,981,339.00",21.00,0.00,31.00,0.00,0.00,,,0-5000
7792660,Wait a Minute!,Willow,1,Alternative R&B,United States,2015,1,11,"11,985.00",0.00,"924,193,303.00",79.00,80.00,250.00,3.00,10.00,,,5001-15000
8055412,LOVE DIVE,IVE,1,K-pop,South Korea,2022,4,5,753.00,8.00,"305,771,063.00",28.00,124.00,13.00,0.00,1.00,,,0-5000
7500786,Pantysito,"Feid, Alejo, Robi",3,Reggaeton,Colombia,2022,3,18,"2,995.00",0.00,"273,005,485.00",49.00,17.00,30.00,0.00,0.00,,,0-5000
4557678,Chance,Paulo Londra,1,Latin trap,Argentina,2022,4,6,225.00,0.00,"89,566,512.00",11.00,0.00,7.00,0.00,0.00,,,0-5000
1904373,Cool for the Summer,Demi Lovato,1,Pop,United States,2015,1,1,"9,243.00",0.00,"677,389,855.00",155.00,5.00,577.00,0.00,6.00,,,5001-15000
6130665,psychofreak (feat. WILLOW),"Camila Cabello, Willow",2,Alternative pop,United States,2022,4,7,918.00,0.00,"75,476,209.00",24.00,0.00,52.00,0.00,0.00,,,0-5000
7429862,Angel Baby,Troye Sivan,1,Pop,Australia,2021,9,9,"1,959.00",9.00,"408,843,328.00",52.00,25.00,32.00,0.00,10.00,,,0-5000
3841850,Si Quieren Frontear,"De La Ghetto, Duki, Quevedo",3,Latin trap,Puerto Rico,2022,3,31,859.00,0.00,"178,512,385.00",14.00,0.00,11.00,0.00,0.00,,,0-5000
7434389,Right On,Lil Baby,1,Heavy metal,United States,2022,4,8,"1,116.00",0.00,"101,780,047.00",31.00,9.00,15.00,0.00,1.00,,,0-5000
6116514,That's Hilarious,Charlie Puth,1,Pop,United States,2022,4,8,686.00,2.00,"146,363,130.00",11.00,6.00,12.00,0.00,15.00,,,0-5000
2150360,Soy El Unico,Yahritza Y Su Esencia,1,Regional Mexican,United States,2022,3,25,226.00,0.00,"126,443,991.00",5.00,0.00,4.00,0.00,1.00,,,0-5000
6327262,Falling,Harry Styles,1,Pop,United Kingdom,2019,12,13,"7,556.00",0.00,"1,023,187,129.00",124.00,24.00,254.00,0.00,8.00,,,5001-15000
2102834,Sigue,"Ed Sheeran, J Balvin",2,Reggaeton,United Kingdom,1996,11,24,"1,370.00",0.00,"106,933,107.00",46.00,8.00,60.00,0.00,0.00,,,0-5000
1828295,Fim de Semana no Rio,teto,1,Brazilian trap,Brazil,2022,3,30,315.00,2.00,"139,193,812.00",27.00,2.00,31.00,0.00,0.00,,,0-5000
3555344,MANIAC,Stray Kids,1,K-pop,South Korea,2022,3,18,651.00,0.00,"212,234,990.00",6.00,188.00,20.00,0.00,0.00,,,0-5000
4096612,There's Nothing Holdin' Me Back,Shawn Mendes,1,Pop rock,Canada,2016,9,23,"12,382.00",0.00,"1,714,490,998.00",229.00,57.00,"1,370.00",2.00,71.00,,,5001-15000
4830246,IDGAF (with blackbear),"Blackbear, BoyWithUke",2,Indie pop,United States,2022,3,18,625.00,0.00,"197,643,795.00",10.00,2.00,13.00,0.00,1.00,,,0-5000
2977289,Golden,Harry Styles,1,Pop,United Kingdom,2019,12,13,"8,429.00",1.00,"807,015,863.00",85.00,24.00,200.00,0.00,2.00,,,5001-15000
5906167,Get Lucky - Radio Edit,"Pharrell Williams, Nile Rodgers, Daft Punk",3,Funk,France,2013,1,1,"52,898.00",0.00,"933,815,613.00",203.00,1.00,"8,215.00",0.00,0.00,,,15001+
5897675,Ain't Shit,Doja Cat,1,R&B,United States,2021,6,25,"3,436.00",0.00,"499,710,590.00",32.00,6.00,46.00,0.00,1.00,,,0-5000
3108040,Still Life,BIGBANG,1,K-pop,South Korea,2022,4,5,181.00,0.00,"53,909,146.00",16.00,14.00,7.00,0.00,0.00,,,0-5000
5324238,Photograph,Ed Sheeran,1,Pop,United Kingdom,2014,6,20,"18,778.00",3.00,"2,236,667,932.00",228.00,105.00,"2,453.00",0.00,84.00,,,15001+
2188178,Love Yourself,Justin Bieber,1,Pop,Canada,2015,11,9,"22,730.00",5.00,"2,123,309,722.00",289.00,87.00,"2,430.00",0.00,36.00,,,15001+
1109166,N95,Kendrick Lamar,1,Heavy metal,United States,2022,5,13,"5,542.00",0.00,"301,242,089.00",52.00,16.00,65.00,0.00,206.00,,,5001-15000
7173596,About Damn Time,Lizzo,1,Pop,United States,2022,4,14,"9,021.00",0.00,"723,894,473.00",242.00,49.00,272.00,21.00,24.00,,,5001-15000
8555603,Die Hard,"Kendrick Lamar, Blxst, Amanda Reifer",3,Heavy metal,United States,2022,5,13,"4,627.00",0.00,"237,351,106.00",38.00,13.00,32.00,0.00,0.00,,,0-5000
2786767,Un Ratito,Bad Bunny,1,Reggaeton,Puerto Rico,2022,5,6,"1,112.00",6.00,"417,230,415.00",7.00,30.00,13.00,1.00,1.00,,,0-5000
3184472,United In Grief,Kendrick Lamar,1,Heavy metal,United States,2022,5,13,"2,575.00",0.00,"156,898,322.00",4.00,5.00,12.00,0.00,51.00,,,0-5000
6177084,Father Time (feat. Sampha),"Kendrick Lamar, Sampha",2,Heavy metal,United States,2022,5,13,"3,107.00",0.00,"127,309,180.00",4.00,0.00,22.00,0.00,0.00,,,0-5000
4764570,Yo No Soy Celoso,Bad Bunny,1,Reggaeton,Puerto Rico,2022,5,6,"1,179.00",0.00,"313,113,297.00",7.00,21.00,11.00,0.00,0.00,,,0-5000
1493023,Rich Spirit,Kendrick Lamar,1,Heavy metal,United States,2022,5,13,"3,486.00",0.00,"173,702,135.00",20.00,10.00,33.00,0.00,0.00,,,0-5000
4528930,Cooped Up (with Roddy Ricch),"Post Malone, Roddy Ricch",2,Hip-hop,United States,2022,5,12,"2,942.00",0.00,"271,666,301.00",42.00,28.00,43.00,0.00,0.00,,,0-5000
5617904,Me Fui de Vacaciones,Bad Bunny,1,Reggaeton,Puerto Rico,2022,5,6,"1,443.00",0.00,"305,650,299.00",9.00,11.00,22.00,1.00,0.00,,,0-5000
2861036,Silent Hill,"Kendrick Lamar, Kodak Black",2,Heavy metal,United States,2022,5,13,"3,028.00",0.00,"123,216,717.00",22.00,0.00,23.00,0.00,0.00,,,0-5000
3122686,La Corriente,"Tony Dize, Bad Bunny",2,Reggaeton,Puerto Rico,2022,5,6,"1,796.00",8.00,"479,655,659.00",8.00,25.00,18.00,1.00,0.00,,,0-5000
1671724,Count Me Out,Kendrick Lamar,1,Heavy metal,United States,2022,5,13,"2,729.00",0.00,"126,191,104.00",3.00,7.00,13.00,0.00,1.00,,,0-5000
5848183,Andrea,"Buscabulla, Bad Bunny",2,Latin indie,Puerto Rico,2022,5,6,"1,195.00",0.00,"344,055,883.00",8.00,30.00,13.00,1.00,1.00,,,0-5000
1532080,Dos Mil 16,Bad Bunny,1,Reggaeton,Puerto Rico,2022,5,6,892.00,3.00,"338,422,004.00",10.00,24.00,11.00,0.00,0.00,,,0-5000
7513238,We Cry Together,"Kendrick Lamar, Taylour Paige",2,Heavy metal,United States,2022,5,13,"1,635.00",0.00,"68,895,644.00",4.00,1.00,6.00,0.00,0.00,,,0-5000
7762851,Savior,"Kendrick Lamar, Sam Dew, Baby Keem",3,Heavy metal,United States,2022,5,13,"2,291.00",0.00,"86,176,890.00",9.00,0.00,8.00,0.00,0.00,,,0-5000
2166194,Un Coco,Bad Bunny,1,Reggaeton,Puerto Rico,2022,5,6,"1,029.00",28.00,"403,231,558.00",5.00,28.00,9.00,0.00,0.00,,,0-5000
3186172,Worldwide Steppers,Kendrick Lamar,1,Heavy metal,United States,2022,5,13,"1,480.00",0.00,"61,739,839.00",1.00,0.00,5.00,0.00,0.00,,,0-5000
1633065,Aguacero,Bad Bunny,1,Reggaeton,Puerto Rico,2022,5,6,829.00,0.00,"283,359,161.00",4.00,15.00,10.00,0.00,0.00,,,0-5000
6774092,Purple Hearts,"Kendrick Lamar, Ghostface Killah, Summer Walker",3,Hip-hop,United States,2022,5,13,"2,308.00",0.00,"76,831,876.00",7.00,0.00,7.00,0.00,0.00,,,0-5000
8457557,Un Verano Sin Ti,Bad Bunny,1,Reggaeton,Puerto Rico,2022,5,6,"1,004.00",1.00,"283,332,261.00",8.00,12.00,9.00,0.00,0.00,,,0-5000
3833877,ULTRA SOLO,"Polima WestCoast, Pailita",2,Latin trap,Chile,2022,2,14,"1,367.00",0.00,"307,752,576.00",48.00,4.00,34.00,1.00,0.00,,,0-5000
6990936,Callaita,"Bad Bunny, Tainy",2,Reggaeton,Puerto Rico,2019,5,31,"9,539.00",15.00,"1,304,313,953.00",162.00,116.00,355.00,7.00,0.00,,,5001-15000
6347306,Dua Lipa,Jack Harlow,1,Heavy metal,United States,2022,5,6,"1,992.00",0.00,"150,500,965.00",35.00,0.00,3.00,0.00,0.00,,,0-5000
4940529,Agosto,Bad Bunny,1,Reggaeton,Puerto Rico,2022,5,6,897.00,0.00,"246,127,838.00",6.00,20.00,8.00,0.00,0.00,,,0-5000
7498965,House Of Memories,Panic! At The Disco,1,Alternative pop,United States,2016,1,15,"2,948.00",0.00,"582,863,434.00",10.00,2.00,150.00,0.00,0.00,,,0-5000
5005107,Mr. Morale,"Kendrick Lamar, Tanna Leone",2,Heavy metal,United States,2022,5,13,"1,860.00",0.00,"58,687,425.00",1.00,0.00,3.00,0.00,0.00,,,0-5000
6062396,That That (prod. & feat. SUGA of BTS),"PSY, Suga",2,K-pop,South Korea,2022,4,29,802.00,0.00,"212,109,195.00",16.00,81.00,23.00,0.00,0.00,,,0-5000
4627428,In The Stars,Benson Boone,1,Pop,United States,2022,4,29,"2,224.00",8.00,"382,199,619.00",48.00,40.00,87.00,1.00,210.00,,,0-5000
5264430,Rich - Interlude,Kendrick Lamar,1,Heavy metal,United States,2022,5,13,"1,103.00",0.00,"41,210,087.00",0.00,0.00,0.00,0.00,0.00,,,0-5000
7036044,Stefania (Kalush Orchestra),KALUSH,1,Folk rap,Ukraine,2022,3,10,555.00,0.00,"53,729,194.00",10.00,4.00,4.00,0.00,0.00,,,0-5000
8779560,Thousand Miles,The Kid Laroi,1,Pop,Australia,2022,4,22,"2,050.00",0.00,"244,741,137.00",52.00,9.00,46.00,0.00,1.00,,,0-5000
7556948,Crown,Kendrick Lamar,1,Heavy metal,United States,2022,5,13,"1,493.00",0.00,"42,485,571.00",2.00,0.00,10.00,0.00,0.00,,,0-5000
1713130,Auntie Diaries,Kendrick Lamar,1,Heavy metal,United States,2022,5,13,"1,545.00",0.00,"37,778,188.00",1.00,0.00,4.00,0.00,0.00,,,0-5000
1545230,PUFFIN ON ZOOTIEZ,Future,1,Trap,United States,2022,4,29,"2,350.00",0.00,"254,218,729.00",28.00,42.00,23.00,0.00,0.00,,,0-5000
5087776,Mirror,Kendrick Lamar,1,Heavy metal,United States,2022,5,13,"1,929.00",0.00,"53,603,447.00",2.00,0.00,4.00,0.00,0.00,,,0-5000
1593131,Beautiful Girl,Luciano,1,Dancehall,Jamaica,2022,4,22,710.00,4.00,"160,035,717.00",16.00,11.00,18.00,0.00,0.00,,,0-5000
4487193,"Paulo Londra: Bzrp Music Sessions, Vol. 23","Bizarrap, Paulo Londra",2,Latin trap,Argentina,2022,4,25,928.00,0.00,"164,163,229.00",19.00,0.00,7.00,0.00,0.00,,,0-5000
3635714,Savior - Interlude,Kendrick Lamar,1,Heavy metal,United States,2022,5,13,"1,194.00",0.00,"37,091,576.00",0.00,0.00,3.00,0.00,0.00,,,0-5000
6829928,Pasoori,"Shae Gill, Ali Sethi",2,Sufi pop,Pakistan,2022,2,6,349.00,6.00,"284,249,832.00",10.00,22.00,3.00,0.00,0.00,,,0-5000
2612867,Mother I Sober (feat. Beth Gibbons of Portishead),"Kendrick Lamar, Beth Gibbons",2,Heavy metal,United States,2022,5,13,"1,890.00",0.00,"33,381,454.00",3.00,0.00,2.00,0.00,0.00,,,0-5000
6429519,Where Did You Go?,"MNEK, Jax Jones",2,Dance,United Kingdom,2022,1,26,"4,531.00",0.00,"300,983,101.00",135.00,74.00,119.00,1.00,18.00,,,0-5000
2830739,I Tried to Tell Y'all,"Ugly Dray, Tesla Jnr",2,Heavy metal,United States,2022,5,6,"1,657.00",0.00,"121,077,868.00",15.00,3.00,3.00,0.00,0.00,,,0-5000
2442031,Honest (feat. Don Toliver),"Justin Bieber, Don Toliver",2,Pop,Canada,2022,4,29,"1,351.00",0.00,"106,919,680.00",26.00,1.00,17.00,0.00,0.00,,,0-5000
5975489,ZOOM,Jessi,1,K-hip-hop,South Korea,2022,4,13,608.00,0.00,"136,996,305.00",5.00,29.00,14.00,0.00,0.00,,,0-5000
8033263,SloMo,Chanel,1,Pop,Spain,2021,12,24,"1,211.00",0.00,"65,719,930.00",31.00,0.00,19.00,0.00,2.00,,,0-5000
8654169,FEARLESS,LE SSERAFIM,1,K-pop,South Korea,2022,5,2,629.00,0.00,"229,497,852.00",18.00,75.00,9.00,0.00,0.00,,,0-5000
6642483,10 Things I Hate About You,Leah Kate,1,Pop rock,United States,2022,3,23,"1,301.00",0.00,"185,550,869.00",23.00,1.00,15.00,0.00,0.00,,,0-5000
1230186,SPACE MAN,Sam Ryder,1,Pop rock,United Kingdom,2022,2,22,"1,329.00",0.00,"54,682,594.00",42.00,51.00,32.00,0.00,0.00,,,0-5000
8272175,With you,"HA SUNG WOON, Jimin",2,K-pop,South Korea,2022,4,24,343.00,2.00,"240,580,042.00",4.00,35.00,11.00,1.00,1.00,,,0-5000
8262886,Iris,The Goo Goo Dolls,1,Alternative rock,United States,1998,3,31,"13,101.00",9.00,"1,284,942,608.00",137.00,5.00,582.00,0.00,0.00,,,5001-15000
6509365,The Heart Part 5,Kendrick Lamar,1,Heavy metal,United States,2022,5,8,"2,939.00",0.00,"71,423,324.00",29.00,0.00,30.00,0.00,0.00,,,0-5000
5400474,San Lucas,Kevin Kaarl,1,Indie folk,Mexico,2019,11,7,407.00,1.00,"244,891,912.00",5.00,0.00,5.00,0.00,0.00,,,0-5000
4824782,Good Looking,Suki Waterhouse,1,Indie pop,United Kingdom,2017,10,20,"2,264.00",0.00,"184,706,613.00",11.00,6.00,25.00,0.00,1.00,,,0-5000
3933523,Flowers,Lauren Spencer Smith,1,Pop,United States,2021,8,9,801.00,0.00,"184,826,429.00",42.00,9.00,24.00,1.00,1.00,,,0-5000
4070434,Yet To Come,BTS,1,K-pop,South Korea,2022,6,10,829.00,0.00,"302,006,641.00",32.00,110.00,26.00,0.00,0.00,,,0-5000
5477581,Run BTS,BTS,1,K-pop,South Korea,2022,6,10,736.00,0.00,"330,881,149.00",5.00,132.00,17.00,0.00,3.00,,,0-5000
1041777,Music For a Sushi Restaurant,Harry Styles,1,Pop,United Kingdom,2022,5,20,"4,449.00",1.00,"334,733,572.00",80.00,11.00,66.00,0.00,1.00,,,0-5000
5154676,Matilda,Harry Styles,1,Pop,United Kingdom,2022,5,20,"3,218.00",3.00,"366,214,458.00",29.00,10.00,79.00,0.00,0.00,,,0-5000
4618597,For Youth,BTS,1,K-pop,South Korea,2022,6,10,327.00,0.00,"114,546,317.00",5.00,40.00,12.00,0.00,0.00,,,0-5000
1436447,Daylight,Harry Styles,1,Indie pop,United States,2022,5,20,"2,775.00",0.00,"290,833,204.00",21.00,11.00,40.00,0.00,0.00,,,0-5000
7321459,Vegas (From the Original Motion Picture Soundtrack ELVIS),Doja Cat,1,Hip-hop,United States,2022,5,6,"4,576.00",0.00,"448,500,832.00",79.00,13.00,93.00,0.00,17.00,,,0-5000
7688790,Cash In Cash Out,"Pharrell Williams, Tyler, The Creator, 21 Savage",4,Heavy metal,United States,2022,6,10,"2,313.00",0.00,"136,676,504.00",34.00,0.00,29.00,0.00,0.00,,,0-5000
3169976,Potion (with Dua Lipa & Young Thug),"Calvin Harris, Dua Lipa, Young Thug",3,Dance,United Kingdom,2022,5,27,"3,983.00",0.00,"190,625,045.00",73.00,45.00,119.00,0.00,0.00,,,0-5000
4845139,Born Singer,BTS,1,K-pop,South Korea,2022,6,10,279.00,0.00,"79,095,270.00",0.00,18.00,6.00,0.00,0.00,,,0-5000
2307433,Little Freak,Harry Styles,1,Pop,United Kingdom,2022,5,20,"2,302.00",0.00,"273,194,684.00",20.00,3.00,39.00,0.00,0.00,,,0-5000
7503630,True Love,"Kanye West, XXXTENTACION",2,Heavy metal,United States,2022,5,27,"2,129.00",0.00,"194,902,696.00",23.00,1.00,44.00,1.00,0.00,,,0-5000
4505539,Satellite,Harry Styles,1,Pop,United Kingdom,2022,5,20,"3,291.00",5.00,"311,482,393.00",43.00,28.00,79.00,0.00,208.00,,,0-5000
8729578,Pass The Dutchie,Musical Youth,1,Reggae,United Kingdom,1982,1,1,"5,328.00",0.00,"195,918,494.00",54.00,76.00,900.00,0.00,0.00,,,5001-15000
4012549,"Villano Antillano: Bzrp Music Sessions, Vol. 51","Bizarrap, Villano Antillano",2,Latin trap,Puerto Rico,2022,6,8,"1,401.00",0.00,"248,511,839.00",26.00,16.00,17.00,0.00,1.00,,,0-5000
6193307,Love Of My Life,Harry Styles,1,Pop,United Kingdom,2022,5,20,"1,933.00",0.00,"233,671,263.00",13.00,2.00,31.00,0.00,0.00,,,0-5000
8507943,Grapejuice,Harry Styles,1,Pop,United Kingdom,2022,5,20,"1,986.00",0.00,"199,587,884.00",7.00,1.00,15.00,0.00,0.00,,,0-5000
2230668,So Good,Halsey,1,Pop,United States,2022,6,9,"1,057.00",0.00,"91,781,263.00",51.00,14.00,19.00,0.00,0.00,,,0-5000
3380441,Belly Dancer,"BYOR, Imanbek",2,EDM,Kazakhstan,2022,2,18,"5,115.00",13.00,"383,835,984.00",109.00,38.00,301.00,1.00,33.00,,,5001-15000
2079115,Keep Driving,Harry Styles,1,Pop,United Kingdom,2022,5,20,"2,094.00",1.00,"236,060,709.00",8.00,1.00,18.00,0.00,0.00,,,0-5000
7697062,Cinema,Harry Styles,1,Pop,United Kingdom,2022,5,20,"2,171.00",0.00,"189,236,868.00",18.00,1.00,28.00,0.00,0.00,,,0-5000
1771212,Die Young (feat. 347aidan),"Sleepy hallow, 347aidan",2,Heavy metal,United States,2022,5,25,896.00,0.00,"160,845,341.00",19.00,0.00,15.00,0.00,0.00,,,0-5000
2061482,Only Love Can Hurt Like This,Paloma Faith,1,Pop,United Kingdom,2014,1,1,"5,148.00",0.00,"588,955,257.00",90.00,22.00,365.00,0.00,114.00,,,5001-15000
8238387,Hold My Hand,Lady Gaga,1,Pop,United States,2022,5,3,"2,528.00",0.00,"238,350,348.00",63.00,8.00,270.00,2.00,105.00,,,0-5000
7543802,Daydreaming,Harry Styles,1,Pop,United Kingdom,2022,5,20,"1,900.00",1.00,"187,703,102.00",15.00,1.00,23.00,0.00,0.00,,,0-5000
5409588,Numb,"Marshmello, Khalid",2,Alternative rock,United States,2022,6,10,"3,879.00",2.00,"295,307,001.00",107.00,76.00,86.00,1.00,9.00,,,0-5000
3786238,Nos Comemos (feat. Ozuna),"Ozuna, Tiago pzk",2,Latin trap,Argentina,2022,6,2,896.00,0.00,"138,334,433.00",0.00,0.00,2.00,0.00,0.00,,,0-5000
4944285,Me and Your Mama,Childish Gambino,1,Funk,United States,2016,11,10,"8,775.00",0.00,"445,590,495.00",33.00,60.00,107.00,1.00,0.00,,,5001-15000
4342968,Crazy What Love Can Do,"David Guetta, Ella Henderson, Becky Hill",3,Dance,France,2022,3,18,"5,290.00",0.00,"286,739,476.00",139.00,73.00,142.00,0.00,5.00,,,5001-15000
2699923,SLOW DANCING IN THE DARK,Joji,1,Alternative R&B,Japan,2018,9,12,"10,211.00",0.00,"1,122,364,376.00",38.00,79.00,65.00,0.00,1.00,,,5001-15000
5141433,Antes de Perderte,Duki,1,Latin trap,Argentina,2022,6,2,584.00,8.00,"157,136,970.00",12.00,1.00,8.00,0.00,1.00,,,0-5000
4671002,Boyfriends,Harry Styles,1,Pop,United Kingdom,2022,5,20,"1,517.00",0.00,"137,070,925.00",26.00,2.00,30.00,0.00,0.00,,,0-5000
2645476,Tak Ingin Usai,Keisya Levronka,1,Pop,Indonesia,2022,5,13,220.00,4.00,"184,807,630.00",16.00,5.00,0.00,0.00,6.00,,,0-5000
4809507,En El Radio Un Cochinero,Victor Cibrian,1,Regional Mexican,Mexico,2022,5,13,514.00,0.00,"164,856,284.00",5.00,36.00,1.00,0.00,0.00,,,0-5000
1024668,Master of Puppets (Remastered),Metallica,1,Grunge,United States,1986,3,3,"6,080.00",0.00,"704,171,068.00",112.00,198.00,406.00,1.00,0.00,,,5001-15000
8090551,ULTRA SOLO REMIX,"De La Ghetto, Feid, Polima WestCoast, Paloma Mami, Pailita",5,Latin trap,Chile,2022,6,16,"2,341.00",0.00,"279,717,388.00",37.00,2.00,38.00,2.00,0.00,,,0-5000
7531207,Massive,Drake,1,House,Canada,2022,6,17,"5,263.00",0.00,"195,628,667.00",66.00,89.00,61.00,0.00,11.00,,,5001-15000
6549461,Betty (Get Money),Yung Gravy,1,Heavy metal,United States,2022,6,10,"2,402.00",0.00,"221,752,937.00",45.00,2.00,26.00,0.00,1.00,,,0-5000
1392259,Ojos Marrones,Lasso,1,Latin pop,Venezuela,2022,2,6,795.00,11.00,"263,280,370.00",26.00,18.00,15.00,1.00,4.00,,,0-5000
7629327,POP!,Nayeon,1,K-pop,South Korea,2022,6,24,571.00,0.00,"213,505,179.00",19.00,21.00,14.00,0.00,2.00,,,0-5000
5678676,MORE,j-hope,1,K-hip-hop,South Korea,2022,7,1,565.00,0.00,"155,795,783.00",6.00,52.00,11.00,0.00,0.00,,,0-5000
7080917,Sweet Child O' Mine,Guns N' Roses,1,Rock,United States,1987,1,1,"41,231.00",1.00,"1,553,497,987.00",228.00,151.00,"6,720.00",3.00,99.00,,,15001+
8555295,Last Last,Burna Boy,1,Afrobeats,Nigeria,2022,5,12,"4,526.00",12.00,"293,466,523.00",156.00,275.00,150.00,3.00,128.00,,,0-5000
3814670,SNAP,Rosa Linn,1,Pop,Armenia,2022,3,19,"1,818.00",0.00,"711,366,595.00",3.00,0.00,63.00,0.00,353.00,,,0-5000
6670857,Sticky,Drake,1,Heavy metal,Canada,2022,6,17,"2,814.00",0.00,"191,448,892.00",38.00,105.00,25.00,0.00,2.00,,,0-5000
6621439,Hot Shit (feat. Ye & Lil Durk),"Kanye West, Lil Durk, Cardi B",3,Heavy metal,United States,2022,7,1,"1,601.00",0.00,"85,924,992.00",11.00,0.00,2.00,0.00,0.00,,,0-5000
3070266,Ai Preto,"L7nnon, DJ Biel do Furduncinho, Bianca",3,Brazilian funk,Brazil,2022,6,3,894.00,4.00,"176,103,902.00",28.00,0.00,54.00,0.00,0.00,,,0-5000
5565096,La Loto,"Anitta, Tini, Becky G",3,Latin pop,Brazil,2022,7,6,945.00,0.00,"121,189,256.00",49.00,3.00,57.00,0.00,0.00,,,0-5000
6191375,die first,Nessa Barrett,1,Alternative pop,United States,2022,6,24,767.00,0.00,"131,746,175.00",25.00,0.00,22.00,0.00,0.00,,,0-5000
4566008,Afraid To Feel,LF System,1,House,United Kingdom,2022,5,2,"5,898.00",5.00,"244,790,012.00",129.00,55.00,128.00,0.00,101.00,,,5001-15000
8917301,Baile no Morro,"Mc Vitin Da Igrejinha, MC Tairon, DJ Win",3,Brazilian funk,Brazil,2022,6,10,685.00,2.00,"129,314,708.00",17.00,0.00,24.00,0.00,30.00,,,0-5000
6270180,Bad Decisions (with BTS & Snoop Dogg),"Snoop Dogg, BTS, Benny Blanco",3,Pop,South Korea,2022,8,5,"1,456.00",0.00,"219,196,651.00",53.00,2.00,33.00,0.00,0.00,,,0-5000
6485441,STAYING ALIVE (feat. Drake & Lil Baby),"Drake, DJ Khaled, Lil Baby",3,Heavy metal,United States,2022,8,5,"2,107.00",0.00,"170,732,845.00",51.00,1.00,50.00,0.00,0.00,,,0-5000
2797126,Caile,Luar La L,1,Latin trap,Puerto Rico,2020,12,18,"1,494.00",2.00,"273,914,335.00",17.00,12.00,15.00,0.00,0.00,,,0-5000
5686736,GIVENCHY,Duki,1,Latin trap,Argentina,2022,7,20,625.00,4.00,"185,236,961.00",13.00,18.00,12.00,0.00,0.00,,,0-5000
6373026,Mary On A Cross,Ghost,1,Rock,Sweden,2019,9,13,"2,668.00",2.00,"387,080,183.00",38.00,266.00,78.00,0.00,141.00,,,0-5000
5724140,Attention,NewJeans,1,K-pop,South Korea,2022,8,1,799.00,12.00,"264,717,480.00",14.00,141.00,9.00,0.00,1.00,,,0-5000
6403499,THE SHADE,Rex Orange County,1,Indie pop,United Kingdom,2022,3,11,"1,189.00",6.00,"244,928,911.00",17.00,10.00,16.00,0.00,4.00,,,0-5000
8171348,"Come Back Home - From ""Purple Hearts""",Sofia Carson,1,Pop,United States,2022,7,12,367.00,0.00,"97,610,446.00",28.00,67.00,195.00,0.00,0.00,,,0-5000
6364406,El Rescate,"Grupo Marca Registrada, Junior H",2,Regional Mexican,Mexico,2022,7,22,527.00,4.00,"287,278,853.00",10.00,43.00,3.00,1.00,0.00,,,0-5000
8455676,Heartless,Kanye West,1,Heavy metal,United States,2008,1,1,"17,504.00",34.00,"887,906,111.00",63.00,39.00,"1,315.00",0.00,2.00,,,15001+
2489568,"Stay With Me (with Justin Timberlake, Halsey, & Pharrell)","Calvin Harris, Halsey, Pharrell Williams, Justin Timberlake",4,Dance,United Kingdom,2022,7,15,"3,113.00",0.00,"123,473,120.00",54.00,6.00,124.00,1.00,0.00,,,0-5000
7158907,Siempre Pendientes,"Peso Pluma, Luis R Conriquez",2,Corridos tumbados,Mexico,2022,8,15,685.00,5.00,"295,152,154.00",15.00,79.00,4.00,2.00,0.00,,,0-5000
8174616,JGL,"Luis R Conriquez, La Adictiva",2,Regional Mexican,Mexico,2022,2,18,782.00,9.00,"323,455,692.00",15.00,33.00,6.00,1.00,0.00,,,0-5000
2773298,Don't You Worry,"David Guetta, Shakira, Black Eyed Peas",3,Pop,France,2022,6,16,"2,442.00",0.00,"240,918,092.00",81.00,4.00,248.00,1.00,6.00,,,0-5000
6046483,Pipoco,"Melody, Ana Castela, Dj Chris No Beat",3,Sertanejo,Brazil,2022,5,20,"1,112.00",4.00,"191,873,381.00",22.00,2.00,65.00,1.00,3.00,,,0-5000
1346774,Hold Me Closer,"Elton John, Britney Spears",2,Pop,United Kingdom,2017,11,10,"4,967.00",0.00,"284,216,603.00",165.00,10.00,177.00,4.00,73.00,,,0-5000
8693885,Forget Me,Lewis Capaldi,1,Pop,United Kingdom,2022,9,9,"2,520.00",4.00,"239,411,309.00",93.00,95.00,84.00,9.00,202.00,,,0-5000
2357691,After LIKE,IVE,1,K-pop,South Korea,2022,8,22,767.00,12.00,"265,548,837.00",20.00,129.00,11.00,0.00,12.00,,,0-5000
3968436,Bound 2,Kanye West,1,Heavy metal,United States,2013,1,1,"19,806.00",7.00,"703,301,727.00",33.00,11.00,274.00,0.00,0.00,,,15001+
4130067,B.O.T.A. (Baddest Of Them All) - Edit,"Interplanetary Criminal, Eliza Rose",2,House,United Kingdom,2022,6,15,"5,153.00",6.00,"244,585,109.00",102.00,53.00,113.00,12.00,0.00,,,5001-15000
4363557,Talk that Talk,TWICE,1,K-pop,South Korea,2022,8,26,615.00,0.00,"189,476,119.00",14.00,77.00,15.00,1.00,2.00,,,0-5000
3284752,BILLIE EILISH.,Armani White,1,Heavy metal,United States,2022,1,20,"2,537.00",0.00,"277,132,266.00",49.00,1.00,67.00,11.00,1.00,,,0-5000
2939499,Ferxxo 100,Feid,1,Reggaeton,Colombia,2022,6,3,"1,647.00",30.00,"278,920,007.00",20.00,49.00,23.00,2.00,2.00,,,0-5000
2352439,KU LO SA - A COLORS SHOW,Oxlade,1,Afrobeats,Nigeria,2022,6,10,"2,019.00",8.00,"222,410,722.00",117.00,72.00,107.00,1.00,7.00,,,0-5000
5283123,Prohibidox,Feid,1,Reggaeton,Colombia,2022,9,13,"1,473.00",12.00,"185,392,587.00",25.00,36.00,25.00,1.00,0.00,,,0-5000
4758406,Static,Steve Lacy,1,R&B,United States,2022,7,15,"1,613.00",0.00,"202,452,860.00",21.00,15.00,13.00,0.00,0.00,,,0-5000
7890756,The Scientist,Coldplay,1,Alternative rock,United Kingdom,2002,8,5,"30,992.00",6.00,"1,608,164,312.00",124.00,25.00,"7,827.00",1.00,0.00,,,15001+
2059327,Sparks,Coldplay,1,Alternative rock,United Kingdom,2000,7,10,"10,826.00",4.00,"624,101,957.00",24.00,0.00,805.00,0.00,0.00,,,5001-15000
5086845,Talk,YEAT,1,Rage rap,United States,2022,9,2,920.00,0.00,"148,461,629.00",10.00,1.00,8.00,0.00,0.00,,,0-5000
3210546,Selfish,PnB Rock,1,Hip-hop,United States,2016,6,23,"2,468.00",0.00,"380,319,238.00",15.00,0.00,0.00,0.00,0.00,,,0-5000
7512111,Lady Mi Amor,Feid,1,Reggaeton,Colombia,2022,9,13,330.00,0.00,"53,987,404.00",3.00,0.00,2.00,0.00,0.00,,,0-5000
1532170,Poland,Lil Yachty,1,Heavy metal,United States,2022,6,23,"1,584.00",0.00,"115,331,792.00",38.00,0.00,24.00,0.00,0.00,,,0-5000
8143341,Bye Bye,"Marshmello, Juice WRLD",2,EDM,United States,2022,10,14,766.00,0.00,"84,697,729.00",16.00,0.00,9.00,0.00,0.00,,,0-5000
6026926,BABY OTAKU,"Fran C, Polima WestCoast, Nickoog Clk, Pablito Pesadilla",4,Chilean trap,Chile,2022,8,18,836.00,0.00,"159,240,673.00",14.00,1.00,13.00,0.00,0.00,,,0-5000
7691321,Nxde,(G)I-DLE,1,K-pop,South Korea,2022,10,17,430.00,6.00,"170,709,584.00",14.00,116.00,9.00,0.00,11.00,,,0-5000
7807270,Miss You,Southstar,1,Dance,Germany,1982,5,16,"2,020.00",0.00,"154,356,956.00",77.00,10.00,119.00,0.00,40.00,,,0-5000
5476124,we fell in love in october,girl in red,1,Indie pop,Norway,2018,11,21,"6,858.00",0.00,"723,043,854.00",31.00,21.00,15.00,0.00,4.00,,,5001-15000
4579313,2 Be Loved (Am I Ready),Lizzo,1,Pop,United States,2022,7,14,"3,682.00",6.00,"247,689,123.00",41.00,0.00,158.00,2.00,68.00,,,0-5000
3533833,Celestial,Ed Sheeran,1,Pop,United Kingdom,2022,9,29,"1,639.00",0.00,"176,474,912.00",86.00,14.00,80.00,0.00,37.00,,,0-5000
5095829,Typa Girl,BLACKPINK,1,K-pop,South Korea,2022,9,16,452.00,10.00,"235,549,288.00",2.00,129.00,13.00,0.00,1.00,,,0-5000
7243247,I Really Want to Stay at Your House,"Rosa Walton, Hallie Coggins",2,Synth-pop,United Kingdom,2020,12,18,668.00,1.00,"140,430,339.00",0.00,0.00,31.00,0.00,,,,0-5000
3476652,California Breeze,Lil Baby,1,Heavy metal,United States,2022,10,14,991.00,0.00,"85,559,365.00",36.00,38.00,13.00,0.00,3.00,,,0-5000
1769305,Casei Com a Putaria,"MC Ryan SP, Love Funk, Mc Paiva ZS",3,Brazilian funk,Brazil,2022,7,1,648.00,4.00,"187,701,588.00",0.00,0.00,30.00,0.00,0.00,,,0-5000
5974857,Major Distribution,"Drake, 21 Savage",2,Heavy metal,Canada,2022,11,4,"1,545.00",0.00,"154,863,153.00",22.00,7.00,15.00,0.00,0.00,,,0-5000
2598352,Pussy & Millions (feat. Travis Scott),"Drake, Travis Scott, 21 Savage",3,Heavy metal,Canada,2022,11,4,"1,930.00",0.00,"191,333,656.00",24.00,8.00,17.00,0.00,1.00,,,0-5000
7270435,Vigilante Shit,Taylor Swift,1,Pop,United States,2022,10,21,"1,948.00",0.00,"253,650,850.00",12.00,9.00,16.00,0.00,0.00,,,0-5000
5899602,Question...?,Taylor Swift,1,Pop,United States,2022,10,21,"1,608.00",0.00,"223,064,273.00",10.00,3.00,12.00,0.00,0.00,,,0-5000
3035987,On BS,"Drake, 21 Savage",2,Heavy metal,Canada,2022,11,4,"1,338.00",0.00,"170,413,877.00",9.00,20.00,7.00,0.00,0.00,,,0-5000
6590514,Mastermind,Taylor Swift,1,Pop,United States,2022,10,21,"1,936.00",0.00,"218,320,587.00",7.00,5.00,13.00,0.00,0.00,,,0-5000
3506706,Circo Loco,"Drake, 21 Savage",2,Heavy metal,Canada,2022,11,4,"1,794.00",0.00,"141,720,999.00",26.00,9.00,17.00,0.00,3.00,,,0-5000
6372213,Labyrinth,Taylor Swift,1,Pop,United States,2022,10,21,"1,597.00",0.00,"187,339,835.00",6.00,3.00,15.00,0.00,0.00,,,0-5000
1438195,Spin Bout U,"Drake, 21 Savage",2,Heavy metal,Canada,2022,11,4,"1,652.00",2.00,"198,365,537.00",26.00,52.00,10.00,0.00,95.00,,,0-5000
1386595,Sweet Nothing,Taylor Swift,1,Pop,United States,2022,10,21,"1,747.00",0.00,"186,104,310.00",9.00,6.00,13.00,0.00,2.00,,,0-5000
8471839,"Would've, Could've, Should've",Taylor Swift,1,Pop,United States,2022,10,21,"1,715.00",0.00,"177,503,916.00",4.00,5.00,8.00,0.00,0.00,,,0-5000
3984533,Con La Brisa,"Ludwig Goransson, Foudeqush",2,Latin,Sweden,2022,11,4,486.00,0.00,"71,095,708.00",8.00,1.00,7.00,0.00,0.00,,,0-5000
4322356,Privileged Rappers,"Drake, 21 Savage",2,Heavy metal,Canada,2022,11,4,"1,007.00",0.00,"112,436,403.00",6.00,5.00,3.00,0.00,0.00,,,0-5000
4343383,The Astronaut,Jin,1,K-pop,South Korea,2022,10,28,481.00,9.00,"203,436,468.00",10.00,100.00,15.00,1.00,27.00,,,0-5000
3108815,BackOutsideBoyz,Drake,1,Heavy metal,Canada,2022,11,4,"1,045.00",0.00,"93,367,537.00",8.00,5.00,2.00,0.00,0.00,,,0-5000
8174233,Broke Boys,"Drake, 21 Savage",2,Heavy metal,Canada,2022,11,4,"1,060.00",0.00,"106,249,219.00",3.00,8.00,5.00,0.00,0.00,,,0-5000
1587452,The Great War,Taylor Swift,1,Pop,United States,2022,10,21,"1,274.00",0.00,"181,382,590.00",1.00,6.00,11.00,0.00,0.00,,,0-5000
3476877,My Mind & Me,Selena Gomez,1,Pop,United States,2022,11,3,953.00,0.00,"91,473,363.00",61.00,13.00,37.00,1.00,0.00,,,0-5000
2341529,Bigger Than The Whole Sky,Taylor Swift,1,Pop,United States,2022,10,21,"1,180.00",0.00,"121,871,870.00",4.00,0.00,8.00,0.00,0.00,,,0-5000
8553734,A Veces (feat. Feid),"Feid, Paulo Londra",2,Latin trap,Argentina,2022,11,3,573.00,0.00,"73,513,683.00",2.00,0.00,7.00,0.00,0.00,,,0-5000
6773043,En La De Ella,"Feid, Sech, Jhayco",3,Reggaeton,Colombia,2022,10,20,"1,320.00",0.00,"133,895,612.00",29.00,26.00,17.00,0.00,0.00,,,0-5000
6728037,Alone,Burna Boy,1,Afrobeats,Nigeria,2022,11,4,782.00,2.00,"96,007,391.00",27.00,18.00,32.00,1.00,0.00,,,0-5000
